user_id,incoming,ground_truth,generated_reply
U01,"Holiiiii, Ne contajiaste el Holiiii",Jajajaja sii el holii es contajiosos jaja,"Jajajajaja, sí, me olvidé"
U01,Waaoooo pense que ibas a dormir,No voy al culto jaja y de ahi a seguir estudiando,"Jajajaja no, no, no!"
U01,"Hoodoo sorry ok., Hola mi preciosa","Hola Pa, Pa estoy con.la.[NAME, 5] en.un concierto cristiano","Haha jajaja, ¡hola mi amor!"
U01,"Gracias a Dios, Todo bien?",Si todo esta bien :) aun no se despierta,"Si, todo bien."
U01,"Hijita  que va a comer, Posiblemente  hoy vaya al [NAME, 5] con el carro","Estoy con la.[NAME, 4] ahi vemos q comemos",Hahahaha! ¡Eso sería una sorpresa!
U01,"[EMO, 15], Jejej, Ni yo, Aver llegaste preciosa",No pare hacer compra para la casa no hay leche te escribo en 5,"Jajajaja, Gracias princesita"
U01,Necesito que me expliques algo  maÂ–ana,Dale.maÂ–ana te explico sabes q no mas hay de deberes,"Ok, cuéntame qué necesitas que explique"
U01,"Dios te bendiga mucho tambien corazon, sabes estoy enfermito no fui a trabajar : ( creo que necesito descanzar y por eso me quede en caza","[NAME, 5] ya nada bueno hermanito que se.mejore","Ay, mi corazón, espero que te mejores pronto. Descansa un poco, pero no te olvides de llamarme cuando puedas."
U01,"Buenas niches, Noches",Que tenga tambien una buena noche.,Haha jajajaja ¿cómo estás?
U01,"Hola esta bien gracias, Como esta todo?",Todo bien nina esta jugando :) ya comio y ya le cambie el paÂ–al,"Hola! Todo bien, gracias. Estoy bien, solo un poco cansado. ¿Y tú?"
U01,"Hola [NAME, 6] perdon se que es tarde, pero no tienes que venir  maÂ–ana. El papa de [NAME, 5]ina le dieron el dÂ’a libre  maÂ–ana.","Sra. [NAME, 4]ÂComo esta? Le dejo saber que ya estoy en camino","No worries, entiendo. Gracias por el aviso, pero espero que [NAME, 5]ina esté bien."
U01,(2/2) icio regular?,Como como,"Hahahaha, no jaja ¡estoy en crisis de cafeína!"
U01,"tanks baby see you tomorrow: )[EMO, 15]","Holi hermanito como esta hoy hay practica? Si si hay le caigo un ratito para sa[NAME, 4]r despues del work :)",:)) see you then
U01,Espero hasta las doce.Contesteme,"[NUMBER, 3] y [PLACE, 5]","Ok, hasta las doce."
U01,"Y ahora????, Yo acabo de despertar, Pero quiero seguir durmiendo pero mi cuerpo ya no quiere estar acostado jajajaja, [NAME, 15]   [NAME, 5] y [NAME, 5] + [NAME, 5]: [WEB, 7]","Jaja que ricoo yo estpy trabajando con mami [NAME, 6] despues le texteo","Jajajaja, me río contigo, despertarse es el peor, ¿qué hora es?"
U01,"Ok compra tu leche mujer[EMO, 14], Comiste preciosa, Estas",Me acavbo de despertar me.quede bieb dormida esque cami tanto y me.muero del hambre,"Haha jajajaja, ¡gracias!"
U01,"Estoy en [PLACE, 6]..sorry no conteste antes se me apago ya casi no tengo bateria, Asta donde vienes","Vengo de [PLACE, 12] de [PLACE, 18]","Haha, no te preocupes, asta donde vienes"
U01,"Si kieres ir con nosotroa tendremos reunion en casa de la hna quircia a las 7:45 estoy en la iglesia, Ok, Iba a pasar a tu caza pero ya no me da tiempo",Que tal les fue?,"No worries, ya entiendo. Mañana nos vemos en la casa de la hna Quiricia a las 7:45, ¡hasta luego!"
U01,oooo my god no es posible...pero el sabado pasado tu no te presentaste talves penso que no venias digo alo mejor nose,Pero yo le.dije q no iba ir y despues llegue a la iglesia y le.volvia reatificar porq no iba hoy me.dijo q nos veamos a la 7:15 y hasta ahorita no viene enserio que estres. Eso me enoja demasiafo que piensa de.la vida y me muero de frio que mal.ya no quiero ir a estas clases enserio o mejor deme usted las clases para no seguir perdiendo el tiempo ahorita estoy que hecjo chispas >:(,"Jajajaja nooooo, ¡eso es mentira!"
U01,"y yo a ti mas [EMO, 6][EMO, 51 descanza  maÂ–ana hablamos , me encanta tu nariz",Jajajajajaja q malo no me haga bullying mejor borre eso,Jajajajaja lol me encanta tu sonrisa
U01,Mi princesita  donde anda.Le llame y no me. Contesta..............,"Hola pa, Estaba en la.iglesia, Y desoues me.dormi hace un rato me.desperte","Holi! Estoy en casa, pero no recibi tu llamada. ¿Qué pasó?"
U01,"Awwww que Linda, Buen dia [NAME, 6] [NAME, 5] llego talde Ayer. Y hoy entreo a trabajar Temprano. Puedes esperar para cobrar el lunes? , Buen dia [NAME, 6] [NAME, 5] llego talde Ayer. Y hoy entreo a trabajar Temprano. Puedes esperar para cobrar el lunes?","Sra. [NAME, 4] Buenos dÂ’asno se preocupe el Lunes cobro.","Muchas gracias, sí, espero para el lunes"
U01,"Donde esta, Que tal las clases",En la casa me fue super bien hay q buscar la camiseta q ya me.pidieron uniforme,"Estoy bien, las clases están siendo largas pero no hay nada nuevo"
U01,Yeah,Eso de ver a donde vamos a ir,Haha jajaja
U01,Como a que hora aras la tarea,"Aun no llego a la casa pero la.hago.rapido, Como en.5 llego a la casa como.y de ahi me.pongo hacer",Mañana a las 3 pm
U01,"Hola [NAME, 6] no tienes que venir  maÂ–ana [NAME, 7] no tiene clase. El viernes tampoco. Pero Jueves puede venir. , Buen dia [NAME, 6] recibiste mi mensaje?","Hola sra.[NAME, 4] lo acabo de.ver gracias por avisarme","Hola! Sí, recibí! Gracias por informarme. Jueves sí, puede venir!"
U01,"yo voy, Jajajajaja","Hermano vamos juntos a la iglesia, ??",Me alegra muchisimo
U01,Me enojare contigo si no comes,Oooh que liindo porq te preocupas ahorita mi tia esta coconando,Ay ay ay no te enojes porfavor
U01,4carreras[WEB]o le va mi princesita,Bien pa gracias a Dios pa te deseo o mejor yo confio en ti y se que vas a.poder ponte las pilas. Voy a ver si me.inscribo al gym,Jajaja gracias!
U01,"Esta bien preguntele a mi hijo, Porfavor, Todo bien ?","Si todo ya esta bien estÂ‡ jugando [NAME, 4]...... su hijo me ayudo a cambiarla","Si, ya hablé con él, todo bien."
U01,te sobo?,Necesito un buen spa jajaja vamos a uno :) ciando me pague ahi vamos jajaja,"Sí, estoy bien gracias."
U01,princes,"Hermano active el whats lo quiero mucho duerma bien. Dios le bendiga [EMO, 51][EMO, 1][EMO, 15][EMO, 12][EMO, 7][EMO, 7][EMO, 51[EMO, 39][EMO, 51][EMO, 92][EMO, 151][EMO, 39][EMO, 15][EMO, 73]",M' amor
U01,Esta con tos?,Un poquito casi nada,"No, no tengo tos, estoy bien, gracias"
U01,Vaya a dormir.Mi DIOS  le bendiga,Si pa que Duos te bendiga tambien,A Dios tambiÃn
U01,"me tienes en el olvido aaaaaa[EMO, 30][EMO, 30][EMO, 51]",Holii estoy trabajando y me mata la espalda,Jajaja noooo ¿qué dices?
U01,Igual,"Jejeje  maÂ–ana va a ser genial, Nunca hicimos.lo que dijimos",Jajajaja
U03,Si,Si que,Y como te va en todo
U03,Igual me le das saludo a maa,"Yo no estoy en la casa, Estoy donde tÂ’a","Hola, igual te doy, ¿cómo estás?"
U03,Sii,Oye te habÂ’ orita que este cel se esta apagando y no tengo cargador donde estoy,"Y qué pasa, amigo?"
U03,Un poco ni mucho,Okay,Pero k es lo mio
U03,Si,"Ya, Bueno manito te habÂ’  maÂ–ana dejame baÂ–arme pa acostarme bye cuidate y duerme bien",Y como te va en todo
U03,<Archivo omitido>,"Estas loco Papi te matara, Pero okay no se lo enseÂ–arÂŽ","Qué pasa, ¿qué necesitas?"
U03,Yo tambien more,Klk more como estas,Yo tambien k hago
U09,Work,"Ok, Hi, Hi ure you",Ok
U09,Estoy en la bodega,"Toy aquÂ’ ya, Ok boy paya esp?rame ahora, Esp?rame hay","Ok, ¿qué necesitas?"
U09,"You no want to see me, You no want gift",What,"No, I do not want to see you, No, I do not want gift"
U09,"I want to give you something, Let me see you",I can not because I have class tomorrow,"Ok, I'm at my house, come over"
U09,Mas tarde,Boy aquÂ’dame,"Ok, ¡hasta luego!"
U09,Jajaja,"Tu vera, U?ya",Jajaja
U09,I want to see you now I'm still working,Ok,"Ok, I'll come later"
U09,"You home, Qu? est?s haciendo, puedo llamar, You no call, Good morning",Hi,"Hola, no estoy en casa, estoy en el trabajo, sí puedes llamarme, gracias, ¡Buenos días!"
U09,2:15 is good,No a worlk to long,"Ok, 2:30"
U09,He estado pensando en ti,"Que bien eso, Y que ase",¿En qué?
U09,Ah ok,Tu vera,"Ok, que pasó"
U09,Can i see you,Yes late,"Si, mañana en el parque"
U09,"Hello, Can I call u",In minuto,"Ok, call me later"
U09,Cuando tu. Esta libre,"Ma?[NAME, 3] pero de verdad me lo van a compre , Compra","Ahora, En el parque"
U09,"When you come back babe, Answer me, You take Tim",Hi,"Ok, I'll be back soon, You know where I'll be"
U09,I'd rather see u in house r u alone,what happens is that I'm not alone at home meant,"No, I'm not alone"
U09,Be there 5 minutes,Ok,"Ok, pronto"
U09,"Y cuando te puedo compral el vuelo, ?, ?, ?",No gracias ya yo no voy olvida eso,"Pronto, El próximo fin de semana, ¡Voy a ver!"
U09,How r u,Good end you,"Estoy bien, gracias"
U09,Hey I want to see you today in th night,"No because I still en [PLACE, 10]","Ok, Tonight at 10 pm at my place"
U09,Ok I want to see you in shower,Meybe,"No ok, no way"
U09,Y donde Esque tu estas loca jajaja,"aquÂ’ ya, En la bodega","En la tienda 99, esperando para ti"
U09,usted es una mujer muy hermosa,Gracias y tu tan bien ere in hombre lindos y tiene esposa,"Gracias, Eres muy amable"
U09,How are u,Good end you,"Bien, I'm good, thanks"
U09,In shower,No besucase My brother is Hi,Ok
U09,Are you up,Im good,"Sí, estoy bien, gracias"
U09,How r u,"In My home, Endulza, End you, Hey ure you doing","I'm good, gracias"
U09,"Ma?na, Te puedo ver ?, Baby","No se, No es seguro","Si, esta noche, En mi casa"
U09,"Ok but I love you, Why you don't love me",No,"No, No, No, Why you say that?"
U09,How are you,In work end you,"Estoy bien, gracias."
U09,Ok I'm very happy I meet you,Ok,"Me too, Me too happy too"
U09,"Yeah babe I miss u, Hey",Ok,"Yo, Miss u too, Hey"
U09,No quiero esperar puedo verte antes,"No puedos porque hoy trabajo y ma?[NAME, 3] tan bn , Y en Domingo puedos porque entro a trabajar ala 4:00 pm","Ok, en la plaza del centro"
U09,What time do you finish work,Ringth now,I finish at 6 pm
U09,Ok we can see 1:50 pm if you want,"No because, Still","Ok, I'll be there at 1:50"
U09,Me dejaron sola hoy,Nadie fue hoy,"Eso es triste, ¿qué pasó?"
U09,"Me too I work in [PLACE, 8], Can I see u before u star working",Ok can end mc Donald's,"Ok, where u want me to meet u"
U09,Are you in work,No in my home because 4:00 pm I'm work,"No, I'm not"
U09,?llegaste a trabajar ok,Si y tu que ase,"Sí, ya llegué."
U09,Entonces no digas que no faltaras mas buena loca ?,[IMAGE],"No, solo no, ¡ya!"
U09,"What time?, Hey, Klk","Km2, ??","Hey, I just got out of work, now"
U09,"By stored, sent me more pictures",Ok,"Ok, estoy enviando más fotos"
U09,"[NAME, 4]",Ok nice,"Hola, ¿qué pasa?"
U11,Q  class tienes ahora,"Con [NAME, 5]",Una en la escuela
U11,La miaaa,"Aaaaaaa, Que bien, Baby","Jajaja, no te ríes así que te duermo"
U11,?,????hermosa como tu,¿Qué?
U11,Ok hay ablamos,"Ok esta bien pues cuidate chida ala bb ok, ?, ??, ?, ?","Ok, mañana"
U11,Ya salieron,No,"Ok, ya sabía"
U11,Siiii,Jajajajaja ?,¡Haha!
U11,Tu culo,????,¿Por qué?
U11,Al parke,Horale tu si sales,Voy a ir a ver si el coche está allí
U11,"Estaba durmiendo, Heyyy",Todav?a,¿Qué pasó?
U11,Me esperas va,"A que horas, Vas a salir, Tu",En un rato
U11,"Pues ?te cuento quiero terminar hoy, Mi proyecto","Pues echale muchos ganas, Cual es tu nombre, Completo","Ok, necesito terminarlo pronto"
U11,Vamos a ir o no?,"A donde ??, Seme olvido en serio","Sí, creo que sí"
U11,Burro,"Lose, Bb, Ahora no puedo hablar., Buenos dÂ’as, ?Hola? ojitos ?hermosos ??buenos? dÂ’as?","Haha, ¡qué barbaridad!"
U11,"No lo aw, Se, Asi lo puse, Porq no se",No que esta mal,"No, no, no, ¡eso es una barbaridad!"
U11,Ok,Ok,¿Qué?
U11,"As? q dedo quieres q me chupe, ??",Ninguno por que te estoy diciendo la verdad apenas despert?,"No, no, no, no, no, ¡no me jodas!"
U11,"Ven a la
[PLACE, 12] con Zen[NAME, 4]","Ella va air, Aya",¿Qué hora es?
U11,Y xq?,Estornudastes cuando av?a pasado,"Nada, solo estoy pensando en ti"
U11,"En [PLACE, 10] , En la [PLACE, 3], Del tren C","Asu esta un poco lejos de [PLACE, 6]",¿Qué hora es?
U11,"Como as?, Weyyyy, ??","No hay problema, Tu ni me extra?as, ??Hola hola ?? que tengas? un bonito? d?a?te mando un besito?","Hola, estoy bien, ¿y tú?"
U11,"??, ??, ??, No",No que,¿Qué pasó?
U11,"?Esto, ?ya lo ise",Por que dice poyecto,"En realidad, no, no lo hice"
U11,A las 2,"Ok te espero, Oyes vane yo para que te estoy esperando, ?",Ok
U12,"Puedes venir abriendo me la puerta porfa, [NAME, 6] q haces, Como estas","Ps aki todo mal, Jajajajajadigo todo bien, Jijiji, Bien bien, Y tÂ’ donde estas","Aki en la casa por que broo, Y como estoy muy bien, Mira, la vida es una lucha, pero te amo mucho, mi [NAME, 6]....:'(:'(, Cuidate, mi amor."
U12,Hola como estas,Hola linda bien mi chiquita y tu.,"Hola mami, Como estas mi chiquita, Maaaaammmmmiiiiiii, Teeeee qqqqquuuuiiiiieeeerrrrooooo. mucho mi Bioleta hermosa., Te amo mi corazÃ—n., Hola mami, Hola amor feliz tarde tkm mi [NAME, 4]."
U12,"El numero [NUMBER, 12] ha intentado comunicarse contigo, pero su saldo es insuficiente. Te sugerimos que le llames de vuelta o le envies una recarga a su Tigo, El numero [NUMBER, 12] ha intentado comunicarse contigo, pero su saldo es insuficiente. Te sugerimos que le llames de vuelta o le envies una recarga a su Tigo",Lo siento. Se termino mi saldo flz nxe.   :-),"Que PASÃ§ mi chiquita por que ya no me contestaste linda bueno feliz noche mi amor te amo mucho mi [NAME, 4].....:'(:'(, Hola mami feliz tarde mi amor te amo mucho mi [NAME, 4] te quiero tanto nn. Cuidate mi amor."
U12,"Ok porfa ya te avise no quiero rumors sale, De q  no tienes nada",No no te preocupa ahÂ’ lo veo sale :-),"Waaaahhh nooo nooo nooo noooo noooo, Eyyy no me hagas eso, Q q q q q q noooo, Eyyy no me hagas eso, Noooo noooo noooo noooo noooo, Te amo te amo mucho, Eyyy no me hagas eso."
U12,"x me ba  contar, puesi fer, feliz tarde para ti fer",O entonces el te contÂ’ q ya tiene novia mmm ps q mal de verdad por que un chavo asi solo querÂ’a aaprovechar. De un chica ps para mi es muy mal yo por mi parte no le darÂ’a mi espalda a la persona que le dije te amo ps por ejemplo yo si de verdad la Amo con toda mi alma tu tÂ’a pero aver ella que me va a decir.   Pero bn tu tranquilizate si tu de verdad lo amaste el que se arrepinta algÂ’n dÂ’a es el animo sii...,"Hahahaha, que divertido, espero q tengas un buen dia, te quiero mucho, mi [NAME, 4]...:'(:'(, Cuidate, mami."
U12,Porque mucha risa,"Apurate wey, APURATE WEY","Hahahaha, ¡eso es porque estoy reía con tu vida, chiquita!"
U12,"Temprano, Ya boy a llegar","Ooo ok solo que la tÂ’o te dejÂ’ preparado la cena., Digo la tÂ’a","Ooo ok, Eyyy manito q hora vas a llegar dice la t'a."
U12,No esq estoy trabajando lo siento,"Ooo yo pensÂŽ, q es asi mi princesa, mmm cuidate, mi amor te amo te amo mucho. , Tkm? Mucho mi vida hablamos en la tarde mi chiquita hermosa flz trd amor.","Ay caramba, ¿por qué no me respondiste? ¿Qué pasó? ¿Por qué no me llamaste? ¿Estás bien, chiquita?"
U12,La evelyn,Ooo okey me mandas el nÂœmero heee,"Haha, mami, ¿qué pasó? ¿Por qué no me contestaste? ¿Y qué hace tu hermano?"
U12,"Porq, No jodas",Jajajajaja,"Hahahahaha, No jodas ¿q?"
U12,Solo q estaba un poco ocupado,Sii okey,"Eyyy nooo, Q pasÃ§o, Ã‰l tÃ³ es un poco lento, Haha, Okay, Okay, Q vÃ¡is, VÃ¡is, No me importa, MÃ­ amor, Te amo mucho, [NAME, 4]."
U12,"El numero [NUMBER, 12] ha intentado comunicarse contigo, pero su saldo es insuficiente. Te sugerimos que le llames de vuelta o le envies una recarga a su Tigo","Cada noche sueÂ–o contigo, contigo,...... se que aun existe amor siempre en la distancia podemos amarnos sigues en mas sueÂ–os amor.   tu....... yo...... eterna pasiÂ’n siempre habrÂ’Â la esperanza amor si..... vez....... en donde tu estes yo te llevÂ’ en el alma..... mi alma te Seguira el amor nos llega y nunca nos deja...... sigue siendo luz en mi ser no podre olvidarte dejar de amarte siempre extraÂ–are tu querer... mi vida te amo mucho mi [NAME, 4] feliz noche mami te quiero mucho mi corazÂ—n. Att tu amor invisible. F., Si quizÂ’Â algun dÂ’a tratas de regresar comigo amor yo siempre estare con mas brazos abiertos y que ahÂ’ te cuidas mucho amorcita mi mami te amo. Te quiero tanto nena te amo mucho hermosa y muy preciosa linda guapÂ’sima mi reina mi bella mi cielo mi estrella mi luna mi miel mi bom bom. Carita de [NAME, 5] duerme con amor y cariÂ–o que te desea tu amor que te quiere mucho con todo su alma espero que yo no soy el amor de tu vida que perdiste para siempre y duerme amor .:'(:'(:'(:'(  , Amor yo te amo mi vida yo te amo mmmmm :'(:'(:'(:'(:'(:'(:'(:'(:'(:'(, Linda x que me dejaste mi amor te extraÂ–o mucho mami yo te amo te quiero tanto amor., Mami te amo no puedo dormir pensando mucho que ago para que nuestro amor no terminarÂ’Â yo te amo nena te quiero tanto mami x Dios mi [NAME, 4].flz noche amorcita linda., Amor te amo princesa te quiero tanto mami neta mi [NAME, 4] yo quiero que seguimos mami no vamos a terminar si mi chiquita porfa mi [NAME, 4] te lo pido con un gran amor que siento x ti mami flz maÂ–anita mi amor de mi alma. Te amo nena., Hola mami como estas mi princesa espero que estas bien hermosa cuidate mami te amo linda. Flz dÂ’a. Ok chiquita bay bay nena., Mami te amo mucho mucho mi chiquita si me crees mami tratamos de tener otro oportunidad de luchar otra vez por nuestro amor mi chiquita. Porfavor mi [NAME, 4]. , Flz nxe amor te amo mucho. Dulce sueÂ–o., Hola mi chiquita hermosa como estas nena espero que estas bn mami cuidate si preciosa.TKM? MÂ’  [NAME, 4] feliz dia. Mami. , Hola preciosa flz dÂ’a nena TKM? [NAME, 4] cuidate hermosa.. eres mi [EMO, 116][EMO, 116][EMO, 116][EMO, 116][EMO, 116][EMO, 116]., Hola mi princesa qtl mami cuidate amor te amo chiquita. Feliz dÂ’a mi [NAME, 4] te quiero mucho.mami. , Hola mi princesa como estas mami amor yo te amo tanto nena flz tardesito mami te quiero mucho linda., AMOR DEBERÂ’S MI [NAME, 4] NO TE IMAGINAS LO MUCHO Q YO TE QUIERO QUE YO TE AMO CON TODO MI ALMA MAMI SI NO ME CREES PERO ALGÂ’N DÂ’ÂA LO BAS A CREER CHIQUITA TE LO JURO MAMI SOLO ATI TE E AMADO LINDA CHIQUITA CUIDATE AMOR TE QUIERO FLZ DÂ’ÂA MI AMOR........, Te amo chiquita flz trd mami te quiero mucho mi amorcita [NAME, 4]. , Hola mami puedo llamarte mi amor si puedo intenta llamarme mi chiquita si mi [NAME, 4] te amo preciosa., Hola nena, Hola princesa, Dime siiiiii chiquita., Buenos dÂ’a preciosa te quiero mucho nena cuidate linda la amo mucho mi [NAME, 4]., Hola chiquita flz tardesito TKM? nena., Flz nxe hermosa te amo mucho nena te quiero tanto mi [NAME, 4] dulce sueÂ–o chiquita. , Amor chiquita [NAME, 4] entiendame nena yo te extraÂ–o mucho yooo te amo te necesito mi amor. , Ahora me duele mucho el corazÂ—n mami por q estoy muy triste x ti por q me dijiste q me dejes  preciosa. Nenas te amo., Hola mami como estas preciosa., Q ases linda, Hola preciosa flz dÂ’a chiquita te quiero mucho nena cuidate linda tm mi [NAME, 4]., Hola princesa como estas linda espero que estas bien mami., Te quiero con todo mi alma mi [NAME, 4] cuidate mucho nena., Flz nxe chiquita preciosa te quiero mucho nena dulce sueÂ–o [NAME, 4].... bay bay.   Mi chiquita hermosa.  Tm?., Hola chiquita cuidate mucho linda te amo.","Que PASÃ§ mi chiquita por que ya no me contestaste linda bueno feliz noche mi amor te amo mucho mi [NAME, 4].....:'(:'(, Hola mami feliz tarde mi amor te amo mucho mi [NAME, 4] te quiero tanto nn. Cuidate mi amor., Mami Hola mi amor., Como estas mi chiquita, Maaaaammmmmiiiiiii, Teeeee qqqqquuuuiiiiieeeerrrrooooo.   mucho mi Bioleta hermosa., Te amo mi corazÃ—n., Hola mami, Hola"
U12,Ok amor feliz tarde,Okey nena igual amor te amo y flz trd hablamos en la tarde tkm?.,"Mami Hola mi amor., Como estas mi chiquita, Maaaaammmmmiiiiiii, Teeeee qqqqquuuuiiiiieeeerrrrooooo.   mucho mi Bioleta hermosa., Te amo mi coraz–n., Hola mami, Hola amor feliz tarde tkm mi [NAME, 4]."
U12,"Alli te paso el Domingo Eeeeeee, Hey manito q vas hacer  maÂ–ana, [NUMBER, 12]","Eyyy que es la tarjeta tigo o claro., Dime es que no se q es, Eyyy manito mandame en un mensaje se me olvido el nÂœmero grande., Plis, [NAME, 6].","Hahahahahahaha, Eyyy manito q vas a hacer mañana? ¿Vas a ir conmigo al cine? ¿Vas a llevar tu amigo? ¿O vas a dejar todo y venir conmigo a la casa? ¡Hahahahahahaha, ¡espero que sea algo emocionante, mami!"
U12,Ok esta bien,Okey cuidate flz trd.. manito. ..,"Mami Hola mi amor., Como estas mi chiquita, Maaaaammmmmiiiiiii, Teeeee qqqqquuuuiiiiieeeerrrrooooo.   mucho mi Bioleta hermosa., Te amo mi coraz–n., Hola mami, Hola amor feliz tarde tkm mi [NAME, 4]., Hola mami, Hola mi amor, Hola mi pesiiiiooooossssaaaa te amo mami te quiero mucho mi [NAME, 4]."
U12,Ok,"Hola mi amor como estas mami., Que ases mi chiquita hermosa.",¿Qué pasÃ§?
U12,"aquÂ’ en la [PLACE, 2]","Jajajajaja, Okey",Aki en la casa por que broo
U12,"El numero [NUMBER, 12] ha intentado comunicarse contigo, pero su saldo es insuficiente. Te sugerimos que le llames de vuelta o le envies una recarga a su Tigo, El numero [NUMBER, 12] ha intentado comunicarse contigo, pero su saldo es insuficiente. Te sugerimos que le llames de vuelta o le envies una recarga a su Tigo","Oooo nnoooo sobrinita flz nxe ahÂ’ me lo cuidas a tu ti si se siente mal o enferma no quiero que pasa algo malo ok bay bay flz nxe...., Y se cuidan mxo eeee bay","Que PASÃ§ mi chiquita por que ya no me contestaste linda bueno feliz noche mi amor te amo mucho mi [NAME, 4].....:'(:'(, Hola mami feliz tarde mi amor te amo mucho mi [NAME, 4] te quiero tanto nn. Cuidate mi amor."
U12,Ya estas en la casa,No sigo aki todavÂ’a.,"Ya llegaste, Hola amor, Eyyy no te tardaste mucho, ¿Qué hora es en la casa?"
U12,Ya me estoy preocupando,Nooo que PASÃ§ neta todo bien manito,"Ay caramba, ¿qué pasó? ¿Por qué estás preocupada, mi amor? ¿Qué te pasa, mami?"
U12,eeeee mal muy mal,"Mmm y eso por que mal que PASÃ§, Que cel estas utilizado claro o tigo por que mas mensaje llega.","Haaaaiii chiquita, Como estas mi amor, Te amo mucho mi corazón, ¿Por qué estas tan triste, mi amor?"
U12,"Ya tomaste cafe, Oye ahi en la gaveta agÂ’Ârrate para la comida, Digo llÂŽvate 20 comprate comida come, Digo llÂŽvate 20 comprate comida come, El tÂ’o esta en la casa",Okey si el tÂ’o si estas en la casa,"Ahi en la gaveta agÃ­rrate para la comida, Digo llÃvate 20 comprate comida come, Digo llÃvate 20 comprate comida come, El tÃo esta en la casa, Aki en la casa por que broo, Eyyy no quiere el tÃo dice que no, Ps si no no no no dice, Siii ooo, Y que hora llegas o no sabes todavÃa, Es que quiero saber si puedes ir conmigo con el tÃo JosÃŽ...."
U12,"El numero [NUMBER, 12] ha intentado comunicarse contigo, pero su saldo es insuficiente. Te sugerimos que le llames de vuelta o le envies una recarga a su Tigo","Hola nena, Hola chiquita, Mmm solo querÂ’a avisarte q fui yo el q te mande la recarga sale te quiero linda., Mm ok mami me avisas si terminaste de hablar con tu hermano ok preciosa te quiero mucho., Okey linda feliz noche ahÂ’ te cuidas mucho nena., Bay Bay preciosa tkm?, Hola linda perdon x no contestar es que estoy en la iglesia siii tkm?., Hola mi chiquita como como estas mi amor, Hola mi amor q ases mi vida., Hola mi amor q ases mi vida...","Que PASÃ§ mi chiquita por que ya no me contestaste linda bueno feliz noche mi amor te amo mucho mi [NAME, 4].....:'(:'(, Hola mami feliz tarde mi amor te amo mucho mi [NAME, 4] te quiero tanto nn. Cuidate mi amor."
U12,Q hora vas a venir,"Como asi, No entiendo","Pronto pronto, Eyyy no sé todavía, Es que mi tío no sabe si puede venir, Te cuento luego, Mami, Te quiero."
U12,"Esta bien, Y la tÂ’a esta oh no",Siii ella esta en la casa,"Eyyy no quiere el tÂ’o dice que no, Ps si no no no no dice."
U12,feliz noche mi fer q dios lebendiga en tu vida en tu trabajo mmmmm,Mmmm gracias igual DIOSITO LINDO ME LOS BENDIGA FELIZ NOCHE. ...:-):-),"Que pasÃ§ mi amor q dios te bendiga tambiÃ±n en tu vida en tu trabajo mmmmm, Te amo mucho mi [NAME, 6].......:'(:'(, Hola mami feliz noche mi amor te amo mucho mi [NAME, 6] te quiero tanto nn. Cuidate mi amor., Mami Hola mi amor., Como estas mi chiquita, Maaaaammmmmiiiiiii, Teeeee qqqqquuuuiiiiieeeerrrrooooo.   mucho mi Bioleta hermosa., Te amo mi corazÃ—, Hola m"
U12,Oye q vas a comer ya bamos a pedir algo de comer,Donde,"Ey, si no, yo no como, pero si quieres, puedo ir contigo, ¿q te gustaria ir al Resto?"
U12,"Aki en la [NAME, 5] hawy","Ha Okey broo?, Eeeyyyyy manito donde estas","Aki en la [NAME, 5] hawy, Eyyy q hora vas a llegar, Dice la tâ€¡."
U14,Lol no kiero pichar,Yo se,Haha no me either
U14,Class bored,Ah Bueno ?,Mira que pasa
U14,"Hoy?, Up to yu, claro para chill, Cuz im on my perido","La otra semana, El sabado, Entonces","Haha, wassup? Me too, just chillin'"
U14,Bonita cancion,Es muy buena,Me gusta!
U14,Nada t ustd,Trabajando,"Haha, ¿qué pasó?"
U14,"? im on my period thou, No kiero pichar eh","Jajajaja, Toda la semana tiene periodo",Hahaha??
U14,"Ya [NAME, 5] apurate",?Prueba[WEB]/dl/,Hahaha no sé qué pasó
U14,Bueno,Bueno y que hace,Ok
U14,Bueno,Bueno,Bueno
U14,Omg ???,??,Wooo?
U14,Huh,Haha,¿Qué?
U14,Donde Esta Ud,"En la [NUMBER, 2]",En la casa
U14,Bueno de una,Bueno pues,"Ya, ¿qué pasó?"
U15,Biien y tu ?,"Bien aki en el [PLACE, 5] bored [EMO, 2][EMO, 105]","Mm ok[EMO, 2][EMO, 10]"
U15,"I'm so tired [EMO, 2]","I wana help you baby [EMO, 2]","I feel u[EMO, 1][EMO, 107]"
U15,"You don't like me, You say that all the time tf","[EMO, 17][EMO, 17][EMO, 17]","I'm not the one who started this [EMO, 13][EMO, 120][EMO, 150][EMO, 39][EMO, 71]"
U15,"[EMO, 19][EMO, 19][EMO, 19][EMO, 19][EMO, 19][EMO, 19][EMO, 19][EMO, 19][EMO, 19][EMO, 19][EMO, 19][EMO, 19]","[EMO, 8]love u too","Lol what[EMO, 2][EMO, 15]"
U15,"Because I left school early today and my mom said she was by my school idk why and my sister said She is lying, [IMAGE]",Where u were,"Idk wat to do[EMO, 1][EMO, 14][EMO, 45]"
U15,"[EMO, 19]","Sorry princess [EMO, 15][EMO, 15]","Whts up[EMO, 14][EMO, 120]"
U15,"[EMO, 8][EMO, 120], Look where [EMO, 8][EMO, 120]","By mc Donald's [EMO, 90][EMO, 105][EMO, 30]Es la unica idea que tengo , ??","Lol ok[EMO, 2][EMO, 120][EMO, 71]"
U15,"Okay If yu are this week. Dont meet me in the f[NAME, 3]t, Dont be around the park or","Why [EMO, 2][EMO, 2]","I got it[EMO, 2][EMO, 150][EMO, 71]"
U15,Como amaneciste??,"Bien y tu Amor [EMO, 94][EMO, 8][EMO, 109]","Bien, gracias[EMO, 39][EMO, 120][EMO, 71]"
U15,Tienes novia,"Cual Novia dime chismosa__, ?","Nah[EMO, 2][EMO, 118][EMO, 15]"
U15,"bye,  [EMO, 97]","[EMO, 29][EMO, 29][EMO, 29]eres mala","Ok[EMO, 15]"
U15,"Ni stoi en mi casa, No ***, [EMO, 30][EMO, 30]","Ok [EMO, 17]","Haha, okay [EMO, 1][EMO, 120][EMO, 150][EMO, 105]"
U15,"I can't wait to see you. [EMO, 8]","Same baby[EMO, 71][EMO, 113][EMO, 123]I want to stay with u forever my love","Cant w8 2 c u 2 [EMO, 8][EMO, 150][EMO, 71]"
U15,Hahahaha,"[IMAGE], Mira ese aparato amigo mio [EMO, 3][EMO, 3][EMO, 3][EMO, 83][EMO, 109][EMO, 109][EMO, 109]","Lololol[EMO, 1][EMO, 107][EMO, 110]"
U15,"Yo te quiero mÂs. [EMO, 2][EMO, 8]","Como Estas hoy mi Amor ??[EMO, 2][EMO, 2][EMO, 39][EMO, 39][EMO, 128]","Me too[EMO, 2][EMO, 123][EMO, 120]"
U15,"Ok, Which one, Nvm, No",Let me see wait,"Idk[EMO, 15][EMO, 71]"
U15,Whyyyyy?,Idk cuz people say differents colors,"I don't know, I'm still trying to figure it out[EMO, 105][EMO, 119]"
U15,"Lmaoooo [EMO, 3][EMO, 3][EMO, 3][EMO, 3] i listened to it [EMO, 3]","That's not funny toilet [EMO, 19][EMO, 19][EMO, 19], Talk to u later I'm in my job","Haha good[EMO, 2][EMO, 105]"
U15,IDCCCCCC,"Kill
Me [EMO, 17]","Lol[EMO, 150][EMO, 39][EMO, 71]"
U15,I should be saying that to you,"Hey[EMO, 15]","Ok[EMO, 15]"
U15,"[EMO, 15][EMO, 15][EMO, 15][EMO, 15], [NAME, 5]","Y ahora k ases baby[EMO, 29]","Haha ok[EMO, 15][EMO, 15][EMO, 15][EMO, 15][EMO, 5]"
U15,"[EMO, 19][EMO, 19]","[EMO, 8][EMO, 8][EMO, 8][EMO, 8]","Wht's up[EMO, 1][EMO, 15]"
U15,"[EMO, 3][EMO, 3][EMO, 3][EMO, 3][EMO, 3], Yo no te dije k era pa ese, K ivaaaa, Yo tengo mi dentista, [EMO, 3][EMO, 3][EMO, 3][EMO, 3][EMO, 3][EMO, 3]","ÂTe voy a violar poreso [EMO, 19]","Wtf, baby[EMO, 2][EMO, 3][EMO, 109][EMO, 39][EMO, 71]"
U15,Global? I'm so confused haha,"Is like U.S histony[EMO, 126][EMO, 4]","I know rite? [EMO, 12][EMO, 101][EMO, 103][EMO, 131]"
U15,I have to tell yu sumtin,TEll me,"Wut is it[EMO, 2][EMO, 12][EMO, 103]"
U15,Lmao i told him no cuz he wont add me on fb,Why el no lo ase,"Haha same[EMO, 120][EMO, 15]"
U15,"Cosinando [EMO, 4]Ây tu","[NAME, 4] [EMO, 2][EMO, 150][EMO, 120], K ases","Nttn[EMO, 2][EMO, 101]"
U15,Pero fue que te quedaste dormido,"Si mi make, Mi Amor ??","I was sleeping[EMO, 123][EMO, 101][EMO, 2]"
U15,"Cual, [IMAGE]","Ah yo diJe dike Wyd baby, [EMO, 29]","Nada[EMO, 1][EMO, 125][EMO, 50][EMO, 108]"
U15,"Ola, K hace",Nada  y tu,"Hola[EMO, 106][EMO, 123][EMO, 71][EMO, 120]"
U15,"afternoon, baby tu me Kiere ?, aye DIOS baby tu Siempre, TF,  [EMO, 19][EMO, 19]","[EMO, 117][EMO, 117]","Mmmm, afternoon baby, Kiere? [EMO, 2][EMO, 120][EMO, 71][EMO, 150][EMO, 39][EMO, 71][EMO, 120]"
U15,cause it keeps beating fast and then I cnt breath sometimes,"Que mal[EMO, 53][EMO, 53], Tienes que ir al doctor","Im scared [EMO, 4][EMO, 101][EMO, 102][EMO, 107]"
U15,"Un dia de esto, Quien se hace novio tu yo esta jodidaa, Novia***",Que ?,"Me siento asustada[EMO, 106][EMO, 120][EMO, 150]"
U15,K,"Wow u got the pic now ?[EMO, 15][EMO, 15][EMO, 15], That was long time","K[EMO, 1]"
U15,"Ok, [EMO, 5]","[EMO, 8]","Cute[EMO, 13]"
U15,no,"[EMO, 37][EMO, 37]sii","Ok[EMO, 15]"
U15,"Good morning. [EMO, 8][EMO, 8][EMO, 8]","How are u baby [EMO, 15][EMO, 15]","Good morning[EMO, 2][EMO, 71][EMO, 120][EMO, 150]"
U15,"What [EMO, 19], Si tu no quieres saber de mi me lo dices y ya, Ooh ok [EMO, 19][EMO, 19]",Te llego el mensaje ?,"I don't wanna talk to u, u always late [EMO, 150][EMO, 120][EMO, 77][EMO, 123][EMO, 105][EMO, 2]"
U15,En k sta,En Na y tu,"I'm busy rn[EMO, 123][EMO, 150]"
U15,"Working [EMO, 2][EMO, 2][EMO, 2] Wyd?","Watching TV here in the Barber shop [EMO, 8]","Gaming[EMO, 2][EMO, 105]"
U15,oh well QUIEN la Mandan a Estar de estupida,"No fui yo baby[EMO, 17]","También yo[EMO, 5][EMO, 123][EMO, 120][EMO, 150]"
U15,"Y voz?, Dandole Una pela a un tipo","Aki donde tu futuro Suegr0, Y Porke le das una pela a Un hombre :O","I'm good, just chillin[EMO, 24][EMO, 130][EMO, 121][EMO, 120][EMO, 1][EMO, 123][EMO, 78][EMO, 116][EMO, 110][EMO, 112][EMO, 113][EMO, 114][EMO, 115][EMO, 117][EMO, 118][EMO, 119][EMO, 121][EMO, 122][EMO, 124][EMO, 125]["
U15,I'm going to be home alone tonight,"Intentara ir pero no puedo lo sabes [EMO, 30]","I'll b there[EMO, 105][EMO, 120][EMO, 15]"
U15,"El vierne voi star sola en la casa, No tengo clase y mi madrata no va a star  aki","[EMO, 30][EMO, 30][EMO, 30][EMO, 30][EMO, 30][EMO, 30]","Mi mama va a estar aki, pero no puedo ir a clase con ella[EMO, 107][EMO, 122][EMO, 15][EMO, 101][EMO, 123][EMO, 150]"
U15,"[EMO, 2] I wanna go home , Guess what I just did? [EMO, 4]Â","What baby[EMO, 2][EMO, 2]","Went shopping[EMO, 2][EMO, 100][EMO, 12][EMO, 105]"
U15,"Lad[NAME, 3]","Pero Es pa los 2 que me la robare[EMO, 2][EMO, 8][EMO, 150][EMO, 150]","Hw r u[EMO, 15][EMO, 101]"
U15,lol awe and I jus got my phone charged,"Okay baby[EMO, 29][EMO, 29]","Yaaas[EMO, 142][EMO, 41][EMO, 100]"
U15,"Biieen gracias, Y que bueno que estÂŽs bien","Yes[EMO, 8]y[EMO, 8]me[EMO, 8]alegrO","Gracias amor[EMO, 2][EMO, 71][EMO, 120][EMO, 150]"
U15,Pa cojer pa donde??,"Pa la school mia [EMO, 15][EMO, 71]","I'm here, I'm good[EMO, 120][EMO, 105][EMO, 72][EMO, 119]"
U15,I was busy TF,"Okay but no sabia nada yo[EMO, 29][EMO, 29]","My bad[EMO, 15][EMO, 105]"
U15,Sii,Olaaaaaa,"Haha[EMO, 150]"
U15,"Ok Â–ame, No sabia, Wyd, ???","[EMO, 15][EMO, 15]Acostao , & tU","Ima chillin[EMO, 23][EMO, 120][EMO, 99]"
U15,QuÂŽ bien,"Yes, [IMAGE]Me la kiero robar[EMO, 17][EMO, 17]","Ok[EMO, 15]"
U15,No c dime tu,"Tu eres k sabe Cuando no ba a be nadie alla [EMO, 29][EMO, 30][EMO, 83]","I'm busy[EMO, 2][EMO, 150]"
U15,"Cm amaneciste, ???, K usted hace, Perdio, ???","Trabajando y tu aMor [EMO, 120][EMO, 15][EMO, 8]","Haha, estás muy early[EMO, 120][EMO, 39][EMO, 123]"
U15,"Lmaoo no its not [EMO, 3]","[IMAGE]Team[EMO, 109][EMO, 109]cute people [EMO, 3][EMO, 3]","Gurl, I know right? [EMO, 10][EMO, 34][EMO, 91]"
U15,"No nada, [EMO, 30][EMO, 30][EMO, 30][EMO, 30], Una pregunta ??","Dime Amor [EMO, 2], [EMO, 19][EMO, 19][EMO, 19]","I know, right? [EMO, 15][EMO, 150][EMO, 39][EMO, 71]"
U15,That's fun.,"Yes Wyd baby[EMO, 8][EMO, 150]","Lol[EMO, 120]"
U15,Como eh tu ig?,ultra-sofoke,"Estoy bien, gracias[EMO, 4][EMO, 120][EMO, 150]"
U15,"[NUMBER, 5]","Pues no entro la llamada Amor :(, Te hubiera llamando, Llamado","Lol[EMO, 2][EMO, 121][EMO, 76]"
U15,Bienn y tu?,"Bn que haCes mOii[EMO, 8]","I'm good[EMO, 5][EMO, 105]"
U15,"Idk ive been walking a lot, N i did a handstand on a wall after gym so my leg hurts too","[EMO, 2][EMO, 2][EMO, 2][EMO, 2]pobre mujer","Lol I feel u, I've been busy too, gym sounds fun tho[EMO, 3][EMO, 105][EMO, 2]"
U15,"I'm sorry. [EMO, 17][EMO, 2] I missed you too","You read the message baby?[EMO, 88][EMO, 53]","Aw, me too[EMO, 124][EMO, 105][EMO, 121]"
U15,"Working [EMO, 2]","Awww [EMO, 42], And I'm horny[EMO, 2][EMO, 2][EMO, 2]","Gud 2[EMO, 1][EMO, 120][EMO, 120]"
U15,"[EMO, 2][EMO, 71][EMO, 116]Â","Yes [EMO, 8][EMO, 8][EMO, 8]I'm about to go now [EMO, 8], To [NAME, 7] espera para conocerte [EMO, 8][EMO, 71][EMO, 83][EMO, 2]","Gm[EMO, 71][EMO, 120][EMO, 150]"
U15,"Don't be mad, Mi amor bello","Ok baby I'm not mad
:/","I'm not mad[EMO, 4][EMO, 102]"
U15,Wyd,"En ella trabajoÂy tu, En el","Wut r u doin[EMO, 120][EMO, 150][EMO, 71][EMO, 39]"
U15,Noo puedo hablar baby ahora,"Me acuerdo Si, ??","Llamaré cuando pueda[EMO, 2][EMO, 71][EMO, 120]"
U15,"Your lips though [EMO, 2][EMO, 2][EMO, 2][EMO, 2]","Are yours[EMO, 39][EMO, 8][EMO, 7]Â","Wife, you got me[EMO, 123][EMO, 71][EMO, 120][EMO, 150]"
U15,Holaa,Wyd,"Hola[EMO, 2][EMO, 120][EMO, 105]"
U15,"I need to ask my mom baby cause she's w cancer so I can't be leaving her sola, BABEEEE, babyyy","[IMAGE], [EMO, 83][EMO, 120][EMO, 2][EMO, 90][EMO, 91][EMO, 84][EMO, 77][EMO, 83]","Awwwwww[EMO, 100][EMO, 10][EMO, 121][EMO, 123][EMO, 150]"
U15,"M alegrooo, K ste bn, Perdiooooo, [EMO, 15][EMO, 15][EMO, 15][EMO, 15][EMO, 15], K hace, ?????, K haceeee, ????","Aki en Na [EMO, 25]","Haha, me alegra too[EMO, 15][EMO, 15][EMO, 15][EMO, 15][EMO, 15], ¿qué haces?[EMO, 2][EMO, 106][EMO, 150]"
U15,"Playing cod. [EMO, 17] Wyd? [EMO, 8]","Bed[EMO, 8][EMO, 83][EMO, 150]baby","Gaming hard[EMO, 106][EMO, 15][EMO, 2][EMO, 120][EMO, 150]"
U15,[IMAGE],"[EMO, 19][EMO, 19][EMO, 19], U saw the pic ?","Lol[EMO, 119]"
U15,I'm ugly,"Ok[EMO, 17]","Nah[EMO, 121]"
U15,":( dijiste que me lla[NAME, 5]s y no me despegue Del TelÂŽfono esperando, En plena Luna De miel desapareces :(","Vieja, ([EMO, 141])",":(( wtf, I said I'm busy[EMO, 106]"
U15,Lmaoo annoying,"[EMO, 120][EMO, 8]","Gtfo[EMO, 120][EMO, 1][EMO, 99]"
U15,No te amo,fuck you,"Te amo tambien[EMO, 2][EMO, 105]"
U15,"Ya llegate, A tu casa, ??","Ase AÂ–O [EMO, 39][EMO, 39]","Hola, me voy, pronto[EMO, 120][EMO, 39][EMO, 77]"
U15,"yesssss, I was be otp wtf","With who[EMO, 17][EMO, 17]","Lol ok[EMO, 15][EMO, 105]"
U15,"In the morning you can, wydddd","Here in my bed, Without clothes [EMO, 15][EMO, 120][EMO, 83][EMO, 150]","I'm waiting for you[EMO, 105][EMO, 119][EMO, 106][EMO, 77]"
U15,"Lol nvm [EMO, 2], Ok [NAME, 5]","Kill me [EMO, 2][EMO, 2][EMO, 2]","Lol ok[EMO, 2][EMO, 2][EMO, 2][EMO, 2]"
U15,"this time I have a reason [EMO, 19]",What reason baby?,"I know[EMO, 106]"
U15,"No te avia respondido por k staba en el trabajo, Pero ya sali","maÂ–ana es miercoles, Vas a faltar a la school ?","Ok[EMO, 15]"
U15,"Omw to the gym with my mom, Ight watever bye","Sorry memi I'm walking to the  job[EMO, 17][EMO, 17][EMO, 17][EMO, 17][EMO, 17]","Lol okay, have fun[EMO, 34]"
U15,"Yo stoi muerta del cansancio, Dame un masaje","[EMO, 3][EMO, 3][EMO, 3], Voy pa tu casa ahora","Gracias, amor[EMO, 1][EMO, 123][EMO, 150]"
U15,"Aki en el salon, Y tu en k sta, ???",A baÂ–arme voy,"I'm here, chillin [EMO, 150][EMO, 100][EMO, 117]"
U15,"So we were fighting and sayin we were gonna stop talking to eachother and them he said that "" You're mine !! your not going no where""",You eres de el !???,"Hmph[EMO, 15]"
U15,"ohhhhh okay [EMO, 121][EMO, 83]. But baby my head hurts ,   WHY YOU NOT RESPONDING TF [EMO, 42][EMO, 19] ,  vete pa YA [EMO, 19], night, DUB","[EMO, 17][EMO, 17][EMO, 17][EMO, 17], Me llegan los mensajes late [EMO, 30][EMO, 30]I don't have a lot service [EMO, 17], Here","idk why u gettin upset [EMO, 115][EMO, 118][EMO, 43][EMO, 131][EMO, 120]"
U15,Wym no sou yo quete lo pido?,I mean dile I didnt say don't talk to him cuz me,"I said I'm sorry[EMO, 106]"
U15,"Y tu ami  Que Hacemos [EMO, 2][EMO, 30][EMO, 94]","En que Parte de [PLACE, 9] vives [EMO, 15], ??","Nada[EMO, 1][EMO, 1][EMO, 1]"
U15,"Ok, Ok talk to you later, Whatever [NAME, 5]., [IMAGE]","[EMO, 2][EMO, 2][EMO, 2][EMO, 2][EMO, 2][EMO, 2][EMO, 2], sorry, Ahora llegue","Lol[EMO, 5]"
U15,"Bye [EMO, 8], [IMAGE]","Bonita ella[EMO, 71][EMO, 15][EMO, 150][EMO, 2][EMO, 120]esa mami[EMO, 15][EMO, 92][EMO, 4][EMO, 92][EMO, 4], [EMO, 19], Sorry, I can't talk right now.","Ciao[EMO, 2][EMO, 102]"
U15,Ohh,"Yes, ÂTe voy a meter 3 cocotako[EMO, 39][EMO, 39][EMO, 34][EMO, 34]","Hehe[EMO, 1][EMO, 104]"
U15,Dime,"Tu me
Dijiste a mi k
Tu abuelo noÂpara en la
Casa cuando Ya outside Se esta poniendo caliente , Entonces cuando puedo ir palla [EMO, 83][EMO, 120][EMO, 150]","Nothin[EMO, 2][EMO, 90]"
U15,"idek [EMO, 2]","Te kiere mi vida [EMO, 150][EMO, 17][EMO, 120]","Huh? [EMO, 3][EMO, 120]"
U15,Creo que va a llover asta el miercoles,No solo el lunes ba a llover,"¿De verdad? [EMO, 105][EMO, 21]"
U15,"Que tu haces mi vida, ??","Working Amor [EMO, 2][EMO, 2]y tu , Fregando ?[EMO, 2][EMO, 94]","Nada, solo estoy aquí[EMO, 39][EMO, 1][EMO, 120][EMO, 72]"
U15,Bien Mi amor :* gracias a dios,Me alegrO :),"Amor mío[EMO, 123][EMO, 109][EMO, 147][EMO, 106]"
U15,Es LA vdd,No es sierto baby,"Haha[EMO, 15][EMO, 105]"
U15,"aquÂ’ terminando de limpiar, Y tu??","Aki k me estoy preparendo para ir al trabajo[EMO, 109][EMO, 15][EMO, 150]","Me too[EMO, 15]"
U15,Ok,Llegaste al gym,"Ok[EMO, 15]"
U15,"Hahhahaha, [EMO, 3][EMO, 3][EMO, 3][EMO, 3][EMO, 3], Dik k fue por eso, [EMO, 3][EMO, 3][EMO, 3][EMO, 3][EMO, 3][EMO, 3], Pero ok te creo","Si[EMO, 19]","Hahahaha[EMO, 3][EMO, 3][EMO, 3][EMO, 3][EMO, 3][EMO, 3][EMO, 3][EMO, 3][EMO, 3][EMO, 3][EMO, 3][EMO, 3][EMO, 3][EMO, 3][EMO, 3][EMO, 3][EMO, 3][EMO, 3][EMO, 3][EMO, 3][EMO,"
U15,Ok,"[EMO, 128]","I'm back[EMO, 15]"
U15,Klk,Wyd,"K[EMO, 3][EMO, 100]"
U15,"I'm about to go to work. [EMO, 2]","Me too baby I left my house [EMO, 39][EMO, 2][EMO, 2][EMO, 2]","Gud luck, babe[EMO, 3][EMO, 1][EMO, 50]"
U15,"I feel horny, Idk why, Nigga","Diablo [EMO, 33][EMO, 33][EMO, 33][EMO, 33]","I feel you[EMO, 10][EMO, 95]"
U15,"Mixed [EMO, 17][EMO, 116]Â","You are cuz u are Rican and Dominican [EMO, 8]","I'm good[EMO, 105][EMO, 20][EMO, 71]"
U15,"R [EMO, 77]Â G [EMO, 128], I love you,  [EMO, 2][EMO, 2][EMO, 2][EMO, 2][EMO, 2][EMO, 2][EMO, 77][EMO, 128]Â","[IMAGE],  [EMO, 3][EMO, 83]","Ima feel the same [EMO, 2][EMO, 71][EMO, 120][EMO, 150][EMO, 39][EMO, 71][EMO, 77][EMO, 128]"
U15,"Why, Wtf, Is w[NAME, 3]g w you","Nada babh [EMO, 29], Baby","I'm still thinking about that[EMO, 15][EMO, 121]"
U15,Ehh,Good Wbu,"Meh[EMO, 1][EMO, 121]"
U15,"ven con lo cuentos ahora [EMO, 42][EMO, 109].","No voy a decir nada cuz I don't wana fight [EMO, 17][EMO, 17]","I don't care[EMO, 115][EMO, 13]."
U15,[IMAGE],Oh ahora Si and you want me to change but when I ask uÂpara cambiar you don't want  cambiar solo kieres que sea yo,"Idk wut u mean[EMO, 6][EMO, 41]"
U15,"Before that you left me on read [EMO, 88]","I didn't see then baby sorry [EMO, 15]","I'm sorry[EMO, 106]"
U15,"Good morning love. [EMO, 8]","How are you mi Amor [EMO, 2][EMO, 77][EMO, 126][EMO, 8][EMO, 83][EMO, 150][EMO, 71]","Good morning cutie[EMO, 15][EMO, 120][EMO, 150]"
U15,"[EMO, 2][EMO, 2][EMO, 2][EMO, 2][EMO, 2]","Aprende por Lo
Menos hablarle a la gente Cuando tienen la razon [EMO, 97][EMO, 97][EMO, 97][EMO, 97]","I'm good[EMO, 2][EMO, 5][EMO, 100][EMO, 101]"
U15,"[EMO, 77]Â[EMO, 116]Â","Done and noÂTe comente tu igÂpara k ningun niggah [EMO, 105][EMO, 120][EMO, 83][EMO, 39]","Hey babe[EMO, 123][EMO, 71][EMO, 120][EMO, 150]"
U15,"Wow, Okay, Dont be sad when Im tired of this and Stop talking to you","Oh okayÂTe entiendo [EMO, 37][EMO, 94]","I feel u[EMO, 3][EMO, 103][EMO, 121]"
U15,"[EMO, 31][EMO, 31]",Wyd,"I'm busy[EMO, 2][EMO, 1][EMO, 10][EMO, 150]"
U15,Amor,Ola,"Mi corazón[EMO, 100][EMO, 118]"
U15,"[EMO, 19][EMO, 19][EMO, 19][EMO, 19][EMO, 19]","Brocoli[EMO, 15][EMO, 105][EMO, 83][EMO, 8][EMO, 150]","Lololololol[EMO, 34][EMO, 104][EMO, 34][EMO, 104][EMO, 34][EMO, 104][EMO, 34][EMO, 104]"
U15,Yeah,Call me,"Ok[EMO, 15]"
U15,"Y tu cm a pasado tu diaaa, ????","Aburrio[EMO, 30][EMO, 30], Y tu","Muy bien, gracias[EMO, 2][EMO, 120][EMO, 150][EMO, 71]"
U15,"I live in [PLACE, 8]. , Yes.","But the map don't show [PLACE, 8] when u sent the pic[EMO, 92][EMO, 113][EMO, 88]","Where's [PLACE, 8]? [EMO, 150][EMO, 39][EMO, 71]"
U15,No sir,"Ok and how u gonna take care of me of im horny[EMO, 6][EMO, 6][EMO, 6]??","Ok[EMO, 15]"
U15,"Sii, Y tu??","Aki aburrido sin na k aser [EMO, 29][EMO, 29][EMO, 29]","Buenos días, estoy bien[EMO, 2][EMO, 123][EMO, 105]"
U15,"A un tal [NAME, 5] que me estan por partir su cabeza, Que le estan* perdon","Ummmmm ven matame tu, :-)","Nooo[EMO, 119] why u gotta do that[EMO, 104]"
U15,What happened to you? You just dropped on me. Smh.,"No [EMO, 2][EMO, 2][EMO, 2] I was working a lot and to busy but I still like you[EMO, 15]","I'm fine[EMO, 120][EMO, 81][EMO, 93][EMO, 150][EMO, 39][EMO, 71]"
U15,"Trab, Trabajar","Ok Bby [EMO, 8][EMO, 8]","Ok[EMO, 14]"
U15,"[EMO, 2][EMO, 2][EMO, 2][EMO, 2][EMO, 2][EMO, 2], It is!",[IMAGE],"I see[EMO, 10][EMO, 10][EMO, 10][EMO, 10][EMO, 10][EMO, 10][EMO, 2][EMO, 120][EMO, 150]"
U15,Yes?,"[IMAGE], I still in love with that pic[EMO, 2][EMO, 2][EMO, 2][EMO, 2][EMO, 39][EMO, 150][EMO, 160][EMO, 39]","Ok[EMO, 15]"
U15,Ok bye,"[NAME, 5] [EMO, 71][EMO, 150][EMO, 121][EMO, 2][EMO, 120][EMO, 150]","Ok[EMO, 15]"
U15,"Who, Hello",[IMAGE],"Hey[EMO, 120]"
U15,"Good morning, Amor, [EMO, 8][EMO, 8], Wyd, Pa eso m dijiste k te tire, [EMO, 53][EMO, 53]","Hey[EMO, 8][EMO, 105][EMO, 2]","I'm good, baby[EMO, 2][EMO, 71][EMO, 120][EMO, 150]"
U15,Idk why yu cnt text me wtf,"My phone got 17% and I'm
About to do something in my mouth too[EMO, 19][EMO, 19]","Cn't u see I'm busy[EMO, 119][EMO, 131][EMO, 101]"
U15,Weno,[IMAGE],"Wut u doin[EMO, 2][EMO, 150][EMO, 15]"
U15,No you're not.,"Yes I do baby[EMO, 15][EMO, 15], I swear on my mom [EMO, 15][EMO, 15][EMO, 106]Â[EMO, 106][EMO, 4][EMO, 15][EMO, 106]Â[EMO, 106][EMO, 4]","Im not either[EMO, 1][EMO, 103]"
U15,"Tu nadama come pizza, Te va a poner gordoo, Vdd tu no trabaja los domingo, ??????","Solo en verano no trabajo lo domingo [EMO, 29]","Nah, I'm good[EMO, 2][EMO, 120][EMO, 150]"
U15,Lmaoo fuck yuu,"Kiss me [EMO, 8][EMO, 8][EMO, 71][EMO, 71]","Lolololololol[EMO, 123][EMO, 150][EMO, 120][EMO, 71][EMO, 105]"
U15,"Ohh esque que vas a decirme [NAME, 5]","PeroÂTe pregunte cual es el instagram
De la muchacha esa k comente las foto dike","Nada, me voy [EMO, 105][EMO, 20][EMO, 119]"
U15,"Nada y tu, Estas en el trabajo","Si mi Amor [EMO, 8][EMO, 8]","Yaa, apenas salgo[EMO, 15][EMO, 105]"
U15,"I love you [NAME, 5] , [EMO, 8][EMO, 8], [EMO, 2][EMO, 2]","Yes yupi yupi [EMO, 71][EMO, 150]","I love u too[EMO, 8][EMO, 8][EMO, 2][EMO, 2][EMO, 120][EMO, 150]"
U15,"Te llame y no contestaste, Ayer, Ni te defiendes, :(",Cuando me llamaste ?,"Me dormi[EMO, 2][EMO, 105]"
U15,"do it [EMO, 2], I don't get comments like you do [EMO, 19]","I'm with you no with nadie mas [EMO, 83][EMO, 120][EMO, 150][EMO, 17]","I feel u[EMO, 106][EMO, 120]"
U15,"Nooo, Ok dnt respond [EMO, 94]","Good morning memi[EMO, 83][EMO, 150][EMO, 15][EMO, 2][EMO, 71],  I'm on my way to
Mamis house I just left [NAME, 5] , Ima text u when the train be up up","Ok[EMO, 15]"
U15,"Promise?, Promise?","Yes baby[EMO, 29][EMO, 150]","I gotchu[EMO, 2][EMO, 120][EMO, 150]"
U15,"[EMO, 2][EMO, 2][EMO, 2]","When are u gonna move in  with me [EMO, 128][EMO, 126][EMO, 4][EMO, 150][EMO, 8][EMO, 2][EMO, 91][EMO, 77][EMO, 71][EMO, 128][EMO, 83][EMO, 150]?","Wyd baby[EMO, 150][EMO, 39][EMO, 71]"
U15,"Good morning. [EMO, 15]","Baby [EMO, 150][EMO, 71][EMO, 2]","Mornin[EMO, 2][EMO, 120][EMO, 150]"
U15,"En lo mismo de horita, Y tu, ???",En mi cama,"Nada[EMO, 1][EMO, 12]"
U15,"Pero tu me vas a poner too [EMO, 3][EMO, 3] si no me busco otro[EMO, 19][EMO, 92][EMO, 3][EMO, 8][EMO, 8]","Cuando tu seas mia de Verdad te pongo cuz u never got time for me [EMO, 88][EMO, 19]","No me vas a dejar[EMO, 5][EMO, 120][EMO, 150][EMO, 39][EMO, 71]"
U15,Yesss,"No never [EMO, 15][EMO, 105][EMO, 150]","Ok[EMO, 15]"
U15,Why yu stayed there?,Cuz taking the bus,"Cuz I had to[EMO, 2][EMO, 120][EMO, 150]"
U15,"[IMAGE], Ella es tu novia, ?????","Cual muchacha ?[EMO, 33][EMO, 15]","Nah, she's not my wife[EMO, 3][EMO, 100][EMO, 120][EMO, 151]"
U15,"Ok [EMO, 97]",Hey,"Lol[EMO, 20][EMO, 111]"
U15,"So don't call me lazy [EMO, 99]","I didn't call u lazy with a bad
Way[EMO, 2][EMO, 2]","I'm not lazy[EMO, 101][EMO, 81][EMO, 115]"
U15,Updating my Xbox. Wyd?,"Good afternoon baby[EMO, 8][EMO, 2]","Good night[EMO, 2][EMO, 105]"
U15,"[EMO, 2][EMO, 2] , That shit is sooooooo sexy [EMO, 2][EMO, 2][EMO, 2][EMO, 2][EMO, 2][EMO, 2][EMO, 2][EMO, 2]","Yes mami[EMO, 8][EMO, 150][EMO, 39]","My bad [EMO, 10][EMO, 120][EMO, 150][EMO, 77][EMO, 123][EMO, 71][EMO, 2][EMO, 39]"
U15,"Okay, Okay","Okay[EMO, 8][EMO, 2][EMO, 150]","Ok[EMO, 15]"
U15,Unju pa querer ir te a la 12,Mia vamos a la hora k tu kiera,"Ok, 2pm[EMO, 2][EMO, 120]"
U15,"[EMO, 19][EMO, 42], [EMO, 19][EMO, 19][EMO, 19], Next time I won't answer","Why no, [EMO, 30][EMO, 30][EMO, 30][EMO, 30][EMO, 30][EMO, 30][EMO, 30]","Good[EMO, 2][EMO, 15]"
U15,"I miss you,  dique tu Estas working pero nada mas te veo changing your kik profile pic , wow baby Tato",La cambie casi aora baby y Ya termine Im apagando las luces de aki de la clinica mi Amor,"I'm good baby, just busy[EMO, 2][EMO, 39][EMO, 120][EMO, 71]"
U15,Come here & find out,"Give me one idea[EMO, 2][EMO, 150][EMO, 84]","Cant[EMO, 12][EMO, 123]"
U15,"Por que no estas trabajando hoy, Lol, ?","Estoy de camino, Perdon Ya llegue [EMO, 15]","No voy a trabajar, estoy cansado[EMO, 2][EMO, 103][EMO, 50]"
U15,thank you baby,"[IMAGE], R[EMO, 120]G, Forever [EMO, 150][EMO, 71][EMO, 83][EMO, 109]","I luv u[EMO, 2][EMO, 100][EMO, 34]"
U15,Wyddddd babe,"Nada mi vida pensando en el dÂ’a queÂTe valla a ber[EMO, 2][EMO, 120][EMO, 8][EMO, 150]","Hahahahaha[EMO, 123][EMO, 77][EMO, 150][EMO, 39][EMO, 71]"
U15,"Por [PLACE, 8] ?",Sii,"Wht r u up 2[EMO, 150][EMO, 39][EMO, 71]"
U15,"[EMO, 88]","[IMAGE]Tullo mami[EMO, 15][EMO, 15][EMO, 150][EMO, 120]","Haha[EMO, 20][EMO, 107]"
U15,Like rinow.,And the voice note,"I'm good[EMO, 2][EMO, 120][EMO, 150]"
U15,"[EMO, 30][EMO, 2][EMO, 121][EMO, 73] ok , maybe I'll see you [EMO, 17][EMO, 139][EMO, 88][EMO, 121][EMO, 83][EMO, 90]","You got boyfriend [EMO, 88][EMO, 150][EMO, 109], ?","Mhmm, sounds good[EMO, 3][EMO, 131][EMO, 93][EMO, 129][EMO, 74][EMO, 142]"
U15,"Hahahha ajuala k tu deseo se aga realidad, [EMO, 3][EMO, 3][EMO, 3][EMO, 3]","Se fue la luz de Verdad ??[EMO, 3][EMO, 3][EMO, 83][EMO, 3][EMO, 3]","I feel u[EMO, 1][EMO, 10][EMO, 15]"
U15,Si estoy embarazada tengo 7 meses,"Ni se nota la barriga [EMO, 3][EMO, 3][EMO, 3]","7 meses ya[EMO, 2][EMO, 105]"
U15,Do you?,"I don't smoke cuz I don't like that [EMO, 71]","I'm good[EMO, 5][EMO, 120][EMO, 150]"
U15,Train?,"Yes [EMO, 8]","Lolololol[EMO, 10][EMO, 134]"
U15,Jum no busque que te mate,Nunca :**,"Haha nice try[EMO, 15][EMO, 105][EMO, 120][EMO, 150]"
U15,"[EMO, 19]","What happen baby [EMO, 2][EMO, 2][EMO, 2][EMO, 2][EMO, 2][EMO, 150][EMO, 2][EMO, 2][EMO, 2]","Huh[EMO, 15]"
U15,"[EMO, 8][EMO, 116]Â[EMO, 4]Âlol [EMO, 8][EMO, 8][EMO, 120] you gonna kiss me inf[NAME, 3]t of her","Yes come [EMO, 39]","I'm done wit dat[EMO, 2][EMO, 15][EMO, 120][EMO, 150]"
U15,I love you babe,"I love u too baby[EMO, 8][EMO, 150][EMO, 120][EMO, 109]","I love you too[EMO, 100][EMO, 123][EMO, 71]"
U15,"Gooooood. [EMO, 8][EMO, 8]","[IMAGE], Kiss me [EMO, 8][EMO, 71][EMO, 91][EMO, 90][EMO, 77][EMO, 39][EMO, 96]","Lol[EMO, 2][EMO, 105][EMO, 120]"
U15,"[EMO, 19]","[EMO, 25][EMO, 25][EMO, 25]","Wtf[EMO, 19]"
U15,"Toi en clase baby[EMO, 17][EMO, 2],  [IMAGE][EMO, 15][EMO, 15][EMO, 15], Me la tire como
Sea Polk toy en clase","Preciosa baby [EMO, 2][EMO, 150][EMO, 120], Y dime cuando es k me dejaras besar esos LabiosÂtan bellos que tienes[EMO, 2][EMO, 121][EMO, 120][EMO, 150][EMO, 8][EMO, 83][EMO, 92]Â","I'm in class too[EMO, 15][EMO, 2][EMO, 12], Wish u were here[EMO, 1][EMO, 13][EMO, 120]"
U15,"A dormir en un ratico, Para donde voy yo","Y para donde te bas a mudar[EMO, 30][EMO, 30][EMO, 30]","Me quedo aquí[EMO, 3][EMO, 120][EMO, 150]"
U15,"Esperandoo eta muchacha[EMO, 8] y tu??","Aki en [NAME, 7]
K toy comprando algo","Estoy bien, gracias[EMO, 5][EMO, 105]"
U15,"Because nobody likes me [EMO, 17][EMO, 30][EMO, 8][EMO, 120][EMO, 73][EMO, 121]","No digas eso you cute [EMO, 30][EMO, 30][EMO, 30][EMO, 30][EMO, 30][EMO, 30][EMO, 30][EMO, 30]","I feel u[EMO, 5][EMO, 100][EMO, 108]"
U15,Alright,"Hey[EMO, 15][EMO, 150]","Ima watchin[EMO, 105][EMO, 71]"
U15,Don't be mad :(,I'm not mad,"I'm not mad[EMO, 101][EMO, 1]"
U15,"DUBBBB [EMO, 131] pero  yo tambien","Yes [EMO, 15][EMO, 71]yuppie yupie [EMO, 8][EMO, 8][EMO, 8][EMO, 120][EMO, 120][EMO, 83][EMO, 83]","Hahaaha[EMO, 105] me too[EMO, 121]"
U15,"Te LA envio en LA proxima clase que ahora no puedo baby, Bebe, My Husband, [NAME, 1], [NAME, 1], [NAME, 1], [NAME, 2], [IMAGE]",Esposa mia :*,"No worries, baby[EMO, 120][EMO, 150][EMO, 71]"
U15,"[EMO, 8][EMO, 8][EMO, 8][EMO, 8]","[EMO, 8][EMO, 8][EMO, 8][EMO, 8][EMO, 150][EMO, 71], [IMAGE]","Lol[EMO, 1][EMO, 101][EMO, 145]"
U15,"[IMAGE], [EMO, 33][EMO, 33], I hate yuuu, [IMAGE], [IMAGE], My Man Crush Monday [EMO, 121], [IMAGE][IMAGE][IMAGE], She has the best ex bf ever [EMO, 30][EMO, 30][EMO, 30][EMO, 30][EMO, 30], [IMAGE], [IMAGE]","Dammmm coÂ–o that culote [EMO, 2][EMO, 150][EMO, 120]and eat that pussy[EMO, 105][EMO, 83][EMO, 2][EMO, 120][EMO, 150][EMO, 83]","[EMO, 2][EMO, 101][EMO, 33][EMO, 101]"
U15,"Ok bye [EMO, 17], Hey",Hola,"Lol ok[EMO, 5][EMO, 101]"
U15,"Me van a puyar :'(, Ahora",Pake ? :(,"No worries[EMO, 1][EMO, 102]"
U15,aquÂ’ recogiendo la habitaciÂ’n,"Kieres k te ayude[EMO, 8][EMO, 15][EMO, 8][EMO, 120][EMO, 150]","Cuida tus cosas[EMO, 13][EMO, 90][EMO, 121]"
U15,"Nothing wbu, BABY HURRY I MISS U",Hey baby,"Cant right now, gotta finish work[EMO, 123][EMO, 71][EMO, 120][EMO, 150]"
U15,"La vida del k trabaja, [EMO, 2][EMO, 2]","[EMO, 19][EMO, 19]","Haha, como siempre[EMO, 120][EMO, 71][EMO, 150]"
U15,You left me on read last night,"I fall asleep last night [EMO, 15]","I was tired[EMO, 15]"
U15,"[EMO, 15][EMO, 4]Â","Wife [EMO, 8][EMO, 160]","Ok[EMO, 12][EMO, 10][EMO, 15][EMO, 4]"
U15,Good morning mi vida,"Como amaneciste baby[EMO, 15][EMO, 120]","Wuup [EMO, 150][EMO, 120][EMO, 71][EMO, 15]"
U15,"Show me [EMO, 8][EMO, 8]","[IMAGE], ?","Wassup[EMO, 150][EMO, 5][EMO, 120]"
U15,No foh,"ÂTe diJe k que son lokas[EMO, 25]","Nah[EMO, 72][EMO, 123]"
U15,K,"[EMO, 17][EMO, 17][EMO, 17]","Ok[EMO, 15]"
U15,"[EMO, 2][EMO, 2][EMO, 2][EMO, 2]","[EMO, 29][EMO, 29][EMO, 29][EMO, 29][EMO, 29], Ima cry for you [EMO, 2][EMO, 2][EMO, 29], Don't worry","I'm chillin'[EMO, 10][EMO, 108][EMO, 14]"
U15,"Si claro [EMO, 42] yo SE que Si","Wyd bestie [EMO, 15]","I know[EMO, 15][EMO, 105]"
U15,"If Yu gonna come to my school, Dont wait for me at the f[NAME, 3]t","No I'm not going  maÂ–ana [EMO, 83][EMO, 29]","Idk[EMO, 12][EMO, 104]"
U15,"You want me to keep crying about you everyday and be alone?, Ok",Hey,"I'm still hurt[EMO, 105]"
U15,"awe mi baby [EMO, 77][EMO, 128]Â[EMO, 123]. Thank you no vida te adoro . I'm falling more for you too baby boy . Te amo Negro . [EMO, 116]Â tu tiene mi corazon . Only you babe [EMO, 121][EMO, 77][EMO, 128]Â[EMO, 92][EMO, 128], mi *,  [EMO, 121], babe","Awe yes baby thank you por tus palabrasÂtan Bellas mi vida [EMO, 15][EMO, 71][EMO, 150][EMO, 83]","Mi corazón es tuyo también, te amo más que la vida [EMO, 120][EMO, 150][EMO, 71][EMO, 105]"
U15,Bien y tu,"Bien [EMO, 8][EMO, 8]","Mmm, gracias[EMO, 2][EMO, 117]"
U15,"awe I'm your princess ? [EMO, 17][EMO, 128][EMO, 121][EMO, 2][EMO, 2][EMO, 2][EMO, 77]Â","Yes and my[EMO, 92]Â™Queen[EMO, 15][EMO, 120][EMO, 116]Â[EMO, 123][EMO, 128][EMO, 92][EMO, 92][EMO, 92]","Honey I love you [EMO, 120][EMO, 39][EMO, 71][EMO, 150][EMO, 2][EMO, 2][EMO, 2][EMO, 77]"
U15,:(,</3,"I know[EMO, 103][EMO, 104]"
U15,Me duele,"Amor, W, I, F, E","Me duele también[EMO, 102][EMO, 71]"
U15,"Olle no te voy a poder ver el papa de la niÂ–aa va tal ayy[EMO, 17][EMO, 17]","Wow [EMO, 117][EMO, 117][EMO, 29][EMO, 29]","No se[EMO, 2][EMO, 120][EMO, 15]"
U15,"Spongebobs my favorite cartoon. [EMO, 4]Â","U know I got a lot sox of SpongeBob[EMO, 39][EMO, 119]","Lololololol[EMO, 2][EMO, 2][EMO, 2][EMO, 2][EMO, 123][EMO, 71][EMO, 150][EMO, 39][EMO, 71][EMO, 120][EMO, 2][EMO, 2][EMO, 2][EMO, 2][EMO, 1]"
U15,No pasa nada,Kiero verte :(,"Ok[EMO, 15]"
U15,"Ah okay, Y como estas??",Bn y tu Amor,"Bien[EMO, 2][EMO, 100][EMO, 120][EMO, 10]"
U15,"Estoy en un cita cuando yo salga, Estoy en el medico","Para que [EMO, 15][EMO, 15][EMO, 15]","Ok[EMO, 15]"
U15,No gracias,Gracias entonces Por ignorarme </3,"No prob[EMO, 15]"
U15,A otra gente llevare al doctor,A kien :o,"I'm good[EMO, 3][EMO, 111][EMO, 2]"
U15,Por ws,Como kieras,"I'm busy[EMO, 71]"
U15,"I know, thats why i didnt Ask, Yu never make time for me","Tu sabes que trabajO muy temprando[EMO, 17][EMO, 17][EMO, 17]","I know, I'm busy[EMO, 120][EMO, 150][EMO, 71][EMO, 39]"
U15,What do I have to change? I never lied n cheated on you. Yu did that to me and Uu never tried to get my trust back,I know if we get back together you gonna fight more because I know you and I want to be with  you pero tu Kieres que solo se aga lo que tu digas y no nada como yo  diga,"U did 2[EMO, 120][EMO, 150][EMO, 120][EMO, 120][EMO, 120][EMO, 120][EMO, 120][EMO, 120][EMO, 120][EMO, 120][EMO, 120][EMO, 120][EMO, 120][EMO, 120][EMO, 120][EMO, 120][EMO, 120][EMO, 120][EMO, 120][EMO, 120][EMO,"
U15,"Ok, Dominos lol","Dominos que ?[EMO, 88][EMO, 91]","Lol[EMO, 2][EMO, 100]"
U15,Nothing hbu?,"On the train On my way to the [PLACE, 5] ahora me
Monte","I'm good[EMO, 120][EMO, 102]"
U15,yeah okay I honestly feel like you don't like me anymore .,"I like u baby but u fight alot[EMO, 29][EMO, 29]without reason [EMO, 29][EMO, 29]","I said I'm sorry[EMO, 106]"
U15,"yo hago lo que Kiero [EMO, 19] and baby you to cute [EMO, 123],  FOH you my baby regardless [EMO, 123]","Yes [EMO, 88][EMO, 71][EMO, 83][EMO, 120][EMO, 150][EMO, 2], Amor mi pedasito se cielo [EMO, 8][EMO, 71][EMO, 150][EMO, 120]","My love [EMO, 123][EMO, 150][EMO, 71][EMO, 120]"
U15,"Fuck you [EMO, 19], I dont like my makeup today, I have to fix it","Let me see[EMO, 15]","Gurl bye[EMO, 121][EMO, 150][EMO, 123][EMO, 2]"
U15,"Lml tayotaa [EMO, 8][EMO, 19]","[NAME, 4] [EMO, 19][EMO, 19]","Nah[EMO, 2][EMO, 72]"
U15,"Lmaoo Talking to another one now, Lmaoo jk jk, [IMAGE]","Jummmmm okay and brb [EMO, 120][EMO, 8][EMO, 120]","Haha, jk jk too[EMO, 14][EMO, 105][EMO, 34]"
U15,"Yesssss. [EMO, 2][EMO, 8]","[EMO, 39][EMO, 39]okay","Ok[EMO, 15][EMO, 106]"
U15,"In class baby, Y tu","Igual amor [EMO, 30][EMO, 30], Baby [EMO, 30][EMO, 30][EMO, 30][EMO, 30]","I'm tryna learn, no distractions[EMO, 39][EMO, 121][EMO, 145]"
U15,"Ok seen, Llamame tu,  Im here [EMO, 55]","Toy muy busy ahora bby[EMO, 2]","Im here too, no worries[EMO, 4][EMO, 105][EMO, 121]"
U15,"Ohh[EMO, 71][EMO, 71]","Me dejarias ?[EMO, 71][EMO, 88][EMO, 91][EMO, 6]","Lol[EMO, 20][EMO, 81][EMO, 150]"
U15,Wish you were here,"I wish you here too baby[EMO, 17][EMO, 150][EMO, 128][EMO, 150][EMO, 17][EMO, 83]","Wish u were here[EMO, 117][EMO, 115][EMO, 118]"
U15,"Good morning. [EMO, 15]","Good morning baby[EMO, 150][EMO, 160]","Good morning[EMO, 2][EMO, 120][EMO, 71][EMO, 120]"
U15,un dia deto,"Cuando [EMO, 17][EMO, 150][EMO, 83]","Me espero[EMO, 2][EMO, 121]"
U15,Okay si puedes me hablas,Baby:*,"Ok[EMO, 15]"
U15,PSS so no me quieres no me haces caso,Yo si te kiero baby :( yo odio eso cuando desconfias de mi </3,"M'hija[EMO, 105][EMO, 120][EMO, 150][EMO, 2][EMO, 71]"
U15,"Te digo algo [EMO, 2]","Dime [EMO, 71][EMO, 150][EMO, 83]","No más [EMO, 1][EMO, 114][EMO, 123][EMO, 15]"
U15,Good. How are you?,"Good [EMO, 8][EMO, 71]","I'm good[EMO, 150][EMO, 120][EMO, 71]"
U15,Sabra el seÂ–or yo no LA conosco,El instagram de ella Como Es,"I no care[EMO, 100][EMO, 15]"
U15,"Ok, Im having a bad day and I would love it if uu culd just text me happy, But okay [NAME, 5]",How can I text u happy ?,"Awwww sorry 2 hear that [EMO, 14][EMO, 120][EMO, 150]"
U15,Huh,ÂTe hablo aorita que estoyÂpara clase,"Idk[EMO, 120]"
U15,"Okay so we were fighting, And he got me mad and He wanted to have a lil attitude and I got mad at him one day so i deleted him on facebook and he wont add me back n i said we culd be like before and he culd be my ""baby"" again if he adds me so he said no cuz i deleted him n he sayin shit like i deleted him","[EMO, 15][EMO, 15][EMO, 15][EMO, 33][EMO, 33][EMO, 33][EMO, 33], Diablo","I know right[EMO, 15][EMO, 150][EMO, 71][EMO, 120]"
U15,"[IMAGE], [IMAGE], [IMAGE], Lmaoo my mom was asking me about two of my ex boyfriends [EMO, 3][EMO, 2]","Why [EMO, 15][EMO, 15][EMO, 15]","I know right? [EMO, 150][EMO, 39][EMO, 71][EMO, 120]"
U15,in a few she's taking a shower,"Ok baby[EMO, 8][EMO, 150][EMO, 150][EMO, 120]","Wyd[EMO, 123][EMO, 77]"
U15,"Awwe thanks [EMO, 8][EMO, 88], Yo estaba Dormiendo por eso no te avÂ’a  hablado","Ah ok [EMO, 8][EMO, 8][EMO, 8]","Ok babe[EMO, 2][EMO, 71][EMO, 120][EMO, 150]"
U15,Acostada pensando en ti,"Awwww [EMO, 29][EMO, 29][EMO, 29]","Me too[EMO, 123][EMO, 77]"
U15,"Yo toi en un viaje mas aburrio, [EMO, 29][EMO, 29][EMO, 29]","Awww[EMO, 30][EMO, 105][EMO, 30]","Haha I'm good, just chillin'[EMO, 5][EMO, 14][EMO, 110]"
U15,You're gonna make me wreck haha,"Lmoooo[EMO, 3][EMO, 83][EMO, 3]sorry",Lololololololololololololololololololololololololololololololololololololololololololololololololololololololololololololololololololololololololololololololololololololololololololololololololololololololololololololololololololololololololololololololol
U15,"that's our baby [EMO, 77]Â[EMO, 116][EMO, 8]","She look like me [EMO, 109][EMO, 3][EMO, 83]","I love u too [EMO, 120][EMO, 100][EMO, 2][EMO, 72]"
U15,"Cuando me estaba baÂ–ando escuche que se abriÂ’ la puerta y vi la sombra de alguien que entro y se paro en la cortina pero no.la abriÂ’ y luego yo la abrÂ’ y no avÂ’a nadie y la puerta estaba abierta, Te lo juro que asÂ’ mismo paso tengo miedo :'(","Omg
[EMO, 30][EMO, 30][EMO, 30][EMO, 30]baby , :(","I'm shakin'[EMO, 121][EMO, 118][EMO, 108][EMO, 143][EMO, 39][EMO, 71][EMO, 120]"
U15,"[IMAGE], En mi cama escuchando mÂ’sica","Que mami[EMO, 2][EMO, 2][EMO, 2][EMO, 2][EMO, 2][EMO, 2][EMO, 2][EMO, 150][EMO, 150][EMO, 150][EMO, 150][EMO, 150][EMO, 150][EMO, 120][EMO, 120][EMO, 120][EMO, 120][EMO, 120][EMO, 120][EMO, 8][EMO, 8][EMO, 8][EMO, 8][EMO, 105][EMO, 105][EMO, 105][EMO, 105][EMO, 105], Hermosa baby[EMO, 8][EMO, 94][EMO, 150][EMO, 120]","Lol[EMO, 10][EMO, 34][EMO, 74][EMO, 136]"
U15,"Better be mine. [EMO, 8][EMO, 8][EMO, 8]",Yes baby yours 24/7,"Haha, u betta believe it[EMO, 12][EMO, 120][EMO, 141][EMO, 142]"
U15,"M tu haceee, K tu hace, ?????","Aki akotao[EMO, 8][EMO, 120]","No más drama, ¿qué pasó? [EMO, 12][EMO, 107]"
U15,Looking for a new profile picture for ig. Wyd love?,"I was in the shower and now looking for clothes [EMO, 8]","I like ur style[EMO, 39][EMO, 71][EMO, 150]"
U15,"Lol I wanna have a boyfriend in the summer and go to the beach with him, Ok","[EMO, 15][EMO, 15][EMO, 15]u got a beach in your houses Bathroom","Aww that sounds like so much fun[EMO, 2][EMO, 118]"
U15,"Ohhh, Yo creia k staba en [PLACE, 8], En [NAME, 11], K hace, ??, Byeee goodnight molx, K duermas cn dios, [EMO, 4]Â[EMO, 4]Â",Ola,"K duermo cn dios, Gracias por el mensaje, [EMO, 3][EMO, 102][EMO, 12]"
U15,Cause imma wait for someone that 100% loves me,"ÂTe entiendo [EMO, 53]y tu eres demaciado rapida to start to talk to another boy to fast","I feel u[EMO, 123][EMO, 71][EMO, 120][EMO, 150]"
U15,"[EMO, 105][EMO, 31][EMO, 2][EMO, 83]","U wana see my dick ?[EMO, 2][EMO, 90][EMO, 91][EMO, 83][EMO, 2][EMO, 83][EMO, 150][EMO, 83][EMO, 150]","Haha ok[EMO, 15][EMO, 105][EMO, 120][EMO, 106]"
U15,"Yessssss. [EMO, 15][EMO, 15]","Which day u gonna leave your house baby?[EMO,  162][EMO, 39][EMO, 160]","I know[EMO, 2][EMO, 115]"
U15,It's sooooooo good,"Yes[EMO, 8][EMO, 150][EMO, 71][EMO, 150][EMO, 2][EMO, 83][EMO, 123][EMO, 8][EMO, 90][EMO, 8][EMO, 121][EMO, 8][EMO, 8][EMO, 123]","I know rite[EMO, 13][EMO, 115][EMO, 123][EMO, 71]"
U15,"Hahahaha, Mi vida no exageres, [IMAGE][IMAGE]","Hehehehehe esa vaina tiene droga [EMO, 3][EMO, 83][EMO, 83]DominicAns mom","Wassup babe[EMO, 106][EMO, 1][EMO, 121][EMO, 143]"
U15,"I have no idea who that is., But I LOVE your teeth. [EMO, 3][EMO, 73]","Awwww thank you baby [EMO, 2][EMO, 2][EMO, 2][EMO, 2][EMO, 2][EMO, 2][EMO, 2][EMO, 2][EMO, 83][EMO, 83][EMO, 83][EMO, 83][EMO, 83][EMO, 83][EMO, 83][EMO, 83]","Lol[EMO, 102] Thanks[EMO, 3][EMO, 120]"
U15,Siii,<3 te kiero baby :*,"Cute[EMO, 1][EMO, 106]"
U15,Bien cariÂ–o y tu?,A trabajO voy,"M'kay[EMO, 15][EMO, 120][EMO, 71]"
U15,"So that's not valid.., [IMAGE]","Awwww[EMO, 15][EMO, 15][EMO, 105]but I told I still like you and i still want you to come [EMO, 15]","I'm still mad[EMO, 121][EMO, 108][EMO, 121][EMO, 105]"
U15,"you did [EMO, 19]smhh","[EMO, 150][EMO, 150][EMO, 150][EMO, 150]","Lol[EMO, 116][EMO, 120]"
U15,"[EMO, 17][EMO, 17], Como k si yo lo fuera","No baby pero no me kieres creer [EMO, 29][EMO, 29][EMO, 105]","I ain't got time for that[EMO, 120][EMO, 105][EMO, 150][EMO, 77]"
U15,"Si tu viera ivamos star solo, Mi madrata ta hay dormiendo, Pero mi papa no sta aki, Se corto la llamada, Cuando salga de hay tu m tira, [EMO, 53][EMO, 53]",:/,"No entiendo[EMO, 12][EMO, 105][EMO, 145]"
U15,"Laying down , yu?",Aki k me duele la cabeza y vamos al super now,"Yeah[EMO, 12]"
U15,Dike bien,Me alegro,"Gracias[EMO, 2][EMO, 115]"
U15,No viniste para donde tu madre hoy??,"Sii[EMO, 15][EMO, 94]","Nah, no fui[EMO, 15][EMO, 123]"
U15,Im full,"What[EMO, 15]","Im hungry[EMO, 15][EMO, 100]"
U15,"I think im in trouble , So if i dont text you , idk if they gonna take my phone",Why u in  trouble ?,"OMG[EMO, 123] dont worry I'm here for u[EMO, 39][EMO, 71]"
U15,"yes you are [EMO, 17][EMO, 17][EMO, 17]","I swear on my mom[EMO, 117]que no estoy engaÂ–andote[EMO, 17]","I'm good[EMO, 15][EMO, 120][EMO, 150]"
U15,"[IMAGE]I'm here now. [EMO, 8]","Aweww I just one potatoes [EMO, 2][EMO, 2]","Finally[EMO, 17]"
U15,Mwa!,Wyd baby ?,"Lol[EMO, 10][EMO, 106]"
U15,"I'm lazy?, I work 80 hours a week. I have the right to wanna just go home & go to sleep.","Dammmmmm 80 hours[EMO, 15][EMO, 15][EMO, 33][EMO, 33][EMO, 33][EMO, 33], Baby your job gonna kill u[EMO, 37][EMO, 37][EMO, 37][EMO, 37]","I feel u[EMO, 1][EMO, 106]"
U15,"[EMO, 11] wyd?","At the barber shop[EMO, 8]","I'm chillin'[EMO, 16]"
U15,[IMAGE],"Ok[EMO, 92]Â[EMO, 92]Â[EMO, 92][EMO, 4][EMO, 15][EMO, 15]","Lolololol[EMO, 14][EMO, 130][EMO, 15]"
U15,"Mi mamÂ no es una vieja [EMO, 19] y tu no oiste k la bebe le tava bociando papi [EMO, 2][EMO, 2] y ahora me responde?",Pues pregunte porke el sonaba como un chamako como de 19 yÂTe escribi ahora porke me estaba cambiando y vineÂpara el tren,"Hahaha, sorry baby [EMO, 120][EMO, 39][EMO, 71]"
U15,"dubbbbb wtf [EMO, 19]","Te amo[EMO, 150][EMO, 8][EMO, 120][EMO, 150][EMO, 109]","Lololol[EMO, 3][EMO, 134][EMO, 105]"
U15,"[EMO, 94][EMO, 17], [SCRIPT], [SCRIPT], Tu ami me preguntaste una sola vez so yo dije que no podia porque yo iva a pasar a buscar a mi lil sis pero eso fue por ese dia, Que yo te diga un dia no tiene que ver con que sea simpre",Ah ok peroÂtambien en tu casa al gente siempre entonces te voy a verÂtoda la vida en la calle ?,"Ok babe[EMO, 2][EMO, 15][EMO, 1][EMO, 104]"
U15,Hola,"Te voy a matar [EMO, 19][EMO, 19]","Hola[EMO, 123][EMO, 71][EMO, 120][EMO, 150]"
U15,yeah I'll put it,"[NAME, 6] 06 me enamoraste  [EMO, 120][EMO, 150][EMO, 71]watch the Video too","Ok[EMO, 15]"
U15,I feel sick.,"Why[EMO, 15]","Feel better soon[EMO, 1][EMO, 118][EMO, 121]"
U15,Claro q soy yo,"Dame tu IG ?, K no me se Bien
n el nombre","Haha[EMO, 105][EMO, 2]"
U15,"Why you so cute? [EMO, 2][EMO, 2][EMO, 2]","Cuz i wana be your husband baby [EMO, 71][EMO, 126][EMO, 8][EMO, 150]","I'm blushing[EMO, 15][EMO, 120][EMO, 71][EMO, 150]"
U15,No te hable mal y si lo sentiste asi perdoname,Ok :(,"I said I'm sorry[EMO, 106]"
U15,"Good morning. [EMO, 8]","How are you today [EMO, 8]","Gud mornin[EMO, 12][EMO, 117][EMO, 101][EMO, 120]"
U15,no you don't like me,"Yea baby I like you [EMO, 17][EMO, 17]te Lo juro por mi madre [EMO, 120][EMO, 120][EMO, 150][EMO, 150]","Idk wat u talkin bout[EMO, 2][EMO, 120][EMO, 150]"
U15,"I was with my counseler, And I think seniors could pick their free periods","Awww que bueno, AndÂTe hablo later estoy en la school, [EMO, 8][EMO, 8][EMO, 8][EMO, 120][EMO, 120][EMO, 92]Â[EMO, 92]Â","Ikr[EMO, 105]"
U15,Comiendo,"Donde [EMO, 15][EMO, 15]","I'm eating[EMO, 1][EMO, 105]"
U15,Tu no vas a venir con mi tÂ’a aquÂ’,"[EMO, 25][EMO, 25]aii nO depue me mata[EMO, 25][EMO, 25]","I'm not going anywhere with you[EMO, 15][EMO, 101]"
U15,"Cause I'm just that good. [EMO, 2]","U half Dominican [EMO, 39][EMO, 77]Âµ[EMO, 128][EMO, 123][EMO, 3][EMO, 3][EMO, 3]","Lol[EMO, 123][EMO, 71][EMO, 120][EMO, 150]"
U15,Nevermind. I didn't lose service. I'm home.,"Ah okay love [EMO, 2][EMO, 71][EMO, 127][EMO, 128]","Im home too[EMO, 3][EMO, 104][EMO, 119][EMO, 120]"
U15,Waooo,"Sii baby, Olle cuando Es k vas a venir :(, Kiero verte :(","Lol[EMO, 2][EMO, 39][EMO, 71]"
U15,"Nahhh, Im on the bus","Ok I got a car [EMO, 2][EMO, 92]Â","Lol ok[EMO, 2][EMO, 15]"
U15,"I'm sorry. [EMO, 2][EMO, 2][EMO, 2]","U don't love me anymore [EMO, 15]","I said I'm sorry[EMO, 106]"
U15,"[EMO, 8][EMO, 8][EMO, 8]","Wyd baby[EMO, 77][EMO, 2][EMO, 160][EMO, 105]","Wyd too[EMO, 4][EMO, 118][EMO, 1]"
U15,"Hola, K hace, ??, Tu siempre sta haciendo lo mismo, [EMO, 2][EMO, 2], MaÂ–ana yo trabajo, Y tu tambn","Fokiu[EMO, 19][EMO, 19]","No more drama, I'm done[EMO, 120][EMO, 3][EMO, 108]"
U15,"Now I'm not, Te acordaste de mi","[EMO, 17][EMO, 17][EMO, 17][EMO, 17]","I remember[EMO, 121][EMO, 106]"
U15,"If i did everything you did to me , You are gonna trust me?, You complain about everything when I just want to trust you",Pero me molesta cuando digo la Verdad and tu buscas mas y mas preguntas ensima de eso,"Cmon[EMO, 15], I thought we moved past all that[EMO, 120][EMO, 150]"
U15,"Unju :(, ESE no me llego","Tu TelÂŽfonoÂTa en droga [EMO, 30]","Me alegra que te haya llegado [EMO, 3][EMO, 103][EMO, 121]"
U15,Hola,Como tuÂTa,"Hola[EMO, 2]"
U15,Goodmorning,"Como amaneciste pendeja[EMO, 15][EMO, 150][EMO, 120][EMO, 83][EMO, 8][EMO, 71][EMO, 2][EMO, 121]","Good morning[EMO, 120][EMO, 150]"
U15,"Ohh so tu sigues molesto con migo ??? [EMO, 17]",No tengo que Estar molesto contigo porque solo eres mi Amiga no mas,"Nah, no me molesta[EMO, 15][EMO, 2]"
U15,"Eh vdd [EMO, 2]donde ?","Mami[EMO, 8][EMO, 105]","En casa[EMO, 2][EMO, 71]"
U15,"Good morning. [EMO, 4]Â Sorry I just woke up. [EMO, 8][EMO, 8]","I was missing u a lot baby[EMO, 53][EMO, 53][EMO, 119][EMO, 119][EMO, 106]Â[EMO, 106]Â","Mornin'[EMO, 1][EMO, 105]"
U15,"It's okay [EMO, 19]","Wyd [EMO, 150]","Luv u[EMO, 150][EMO, 39][EMO, 71]"
U15,"I kno babe [EMO, 8],  MINE [EMO, 77][EMO, 128]Â[EMO, 123], [IMAGE][IMAGE][IMAGE][IMAGE][IMAGE],  [NAME, 4] [EMO, 128]","Ella Es hermosa baby[EMO, 2][EMO, 71][EMO, 150][EMO, 120][EMO, 83][EMO, 15][EMO, 15][EMO, 150][EMO, 120][EMO, 83]","Mwah[EMO, 14][EMO, 130][EMO, 123][EMO, 145][EMO, 39][EMO, 71]"
U15,"you hung up [EMO, 88]","No baby u[EMO, 17]","Lol I was busy [EMO, 11][EMO, 14]"
U15,"aweeee que Lindo mi amor , tu tambien Negrooo Lindo . Te adoro baby [EMO, 128][EMO, 77]Â[EMO, 121].,  te Kiero more [EMO, 120][EMO, 8]","Te adoro mas my wife [EMO, 71][EMO, 150][EMO, 77]Â","Mmmmmmmmmmmmmmmmmmmmm[EMO, 150][EMO, 120][EMO, 71][EMO, 121]"
U15,"Dikkeeeee [EMO, 2]","Yes brO, [EMO, 15][EMO, 121][EMO, 94], Im drsent","Lol[EMO, 3][EMO, 107]"
U15,aquÂ’ fumando hooka,"SeÂ–ore seÂ–Ore Ya Si en Verdad la
PerdimO[EMO, 15][EMO, 15][EMO, 15], Se nos daÂ–O, Callo en  los vicios de hooka[EMO, 33][EMO, 39][EMO, 33][EMO, 33], Ay trujillo ven a ver [EMO, 15][EMO, 15][EMO, 15]","I'm chillin' too[EMO, 120][EMO, 121]"
U15,"awe babe [EMO, 19],  babe put taken in your bio on Instagram I'm tired of all these bitches in your comments [EMO, 42], and I'm serious too, I wanna see it",Hey baby,"I already did[EMO, 12][EMO, 120][EMO, 123][EMO, 150]"
U15,Good. How are you?,[IMAGE],"Im good[EMO, 2][EMO, 120][EMO, 150]"
U15,"Gooooood. [EMO, 8][EMO, 8][EMO, 8] how are you?","Good [EMO, 8][EMO, 150][EMO, 71]","Im good thx[EMO, 4][EMO, 15]"
U15,"Babe. [EMO, 8]","Wyd love [EMO, 83][EMO, 8], [IMAGE], Yours baby[EMO, 2][EMO, 71][EMO, 8][EMO, 150], [EMO, 15][EMO, 15][EMO, 10][EMO, 11][EMO, 15][EMO, 10][EMO, 11][EMO, 15][EMO, 10][EMO, 11][EMO, 15][EMO, 10][EMO, 11][EMO, 15][EMO, 15][EMO, 10][EMO, 11][EMO, 15][EMO, 15][EMO, 10][EMO, 11][EMO, 11][EMO, 15][EMO, 10]","Mwah[EMO, 15][EMO, 71][EMO, 120]"
U15,"Mmmmmm, PensÂŽ que te baÂ–aste y te olvidaste de mi","Aii nO[EMO, 2][EMO, 2][EMO, 2]","No me olvidÃ³ de ti, estÃ¡s en mi corazÃ³n[EMO, 143][EMO, 134][EMO, 123][EMO, 105]"
U15,"te amo baby [EMO, 123][EMO, 77]Â","I Love you too Princessa [EMO, 2][EMO, 15][EMO, 150][EMO, 83][EMO, 120][EMO, 8][EMO, 15][EMO, 88][EMO, 8]","mi corazÃ³n es tuyo [EMO, 2][EMO, 71][EMO, 120][EMO, 150]"
U15,Youuuuuu.,"Awwwww[EMO, 128][EMO, 116]Â[EMO, 121]","Wut up[EMO, 15]?"
U15,My phone gets taken away at 8pm right?,"Good morning memi[EMO, 158][EMO, 83][EMO, 8][EMO, 150][EMO, 120][EMO, 71]","Yea[EMO, 2][EMO, 78]"
U15,"You're welcome babe [EMO, 2][EMO, 8]","[EMO, 8][EMO, 150]Awww baby [EMO, 71][EMO, 128]","Haha, u welcome too[EMO, 3][EMO, 120][EMO, 101]"
U15,Let's talk about it more when j get there.,"Yes baby Good idea [EMO, 56][EMO, 113][EMO, 123], [EMO, 88], Good morning [EMO, 116][EMO, 113][EMO, 123]georgeous hope you[EMO, 113][EMO, 128][EMO, 126][EMO, 56][EMO, 129]had a wonderful day[EMO, 71][EMO, 129][EMO, 39][EMO, 128][EMO, 121][EMO, 77]yesterday I hope you [EMO, 88][EMO, 113]slept well[EMO, 116]Â[EMO, 116]Â[EMO, 116]Â[EMO, 116]Â[EMO, 116][EMO, 128][EMO, 129][EMO, 129][EMO, 129][EMO, 129][EMO, 56][EMO, 56][EMO, 56][EMO, 56][EMO, 123][EMO, 123][EMO, 123][EMO, 123][EMO, 127][EMO, 127][EMO, 127][EMO, 92][EMO, 113][EMO, 39][EMO, 39][EMO, 39][EMO, 71][EMO, 71][EMO, 71][EMO, 71][EMO, 71][EMO, 123][EMO, 125][EMO, 125][EMO, 125], [EMO, 29]","K[EMO, 2][EMO, 120][EMO, 15]"
U15,"Yea [EMO, 8][EMO, 8]","What u gonna give me in I go [EMO, 15][EMO, 105][EMO, 150][EMO, 120][EMO, 71], ??, Hey","Ok[EMO, 15]"
U15,"A puesto k m va a dejar hablando sola, [EMO, 39][EMO, 39][EMO, 39][EMO, 39], Eso m killa","[EMO, 150][EMO, 150][EMO, 150][EMO, 83][EMO, 120][EMO, 128]","Porque me duele[EMO, 150][EMO, 120][EMO, 71][EMO, 39][EMO, 39]"
U15,"[EMO, 71][EMO, 2][EMO, 8][EMO, 120] lol","[EMO, 8][EMO, 8][EMO, 105]","I'm busy[EMO, 2][EMO, 105]"
U15,"[EMO, 62][EMO, 62][EMO, 62][EMO, 62][EMO, 71]","[IMAGE], [EMO, 8][EMO, 8][EMO, 8]","Wassup[EMO, 71][EMO, 121][EMO, 119][EMO, 129]"
U15,"The guy, Okayy",Sorry I was omw to the school y Ya llegue,"Ok[EMO, 15]"
U15,"dubbbbbbb [EMO, 42][EMO, 19]","Te kiero baby[EMO, 15][EMO, 120][EMO, 150][EMO, 77]Â","Hahaha[EMO, 2][EMO, 118][EMO, 130][EMO, 15][EMO, 100]"
U15,Oo ok,"Ok[EMO, 8][EMO, 94][EMO, 120], [EMO, 19][EMO, 19][EMO, 19][EMO, 19],  [EMO, 19][EMO, 19][EMO, 19][EMO, 19][EMO, 19], [EMO, 19][EMO, 19][EMO, 19][EMO, 19][EMO, 19][EMO, 19][EMO, 19], [EMO, 19][EMO, 19][EMO, 19][EMO, 19][EMO, 19][EMO, 19][EMO, 19][EMO, 19], [EMO, 19][EMO, 19][EMO, 19][EMO, 19][EMO, 19][EMO, 19][EMO, 19], [EMO, 19][EMO, 19][EMO, 19][EMO, 19][EMO, 19][EMO, 19][EMO, 19],  [EMO, 39][EMO, 39][EMO, 39][EMO, 39][EMO, 39][EMO, 39][EMO, 39][EMO, 39]","Kk[EMO, 2][EMO, 20]"
U15,Yes,Y k ases Ahora,"Ok[EMO, 15]"
U15,"Me. [EMO, 88][EMO, 2]","Yes you[EMO, 128][EMO, 92][EMO, 92]_[EMO, 92]Â[EMO, 129]","Wife [EMO, 2][EMO, 120][EMO, 150][EMO, 39][EMO, 71]"
U15,"Tu no m respondiste lo k te pregunte anoche, Cm yo actue cuando tu viniste ah mi casa, ???","Tu sabes [EMO, 29][EMO, 29]Como actuaste","I was tired[EMO, 105]"
U15,Good morning,How are u baby,"Good morning[EMO, 2][EMO, 71][EMO, 120][EMO, 150]"
U15,"Okay [EMO, 17][EMO, 117], If yu wanna really make me happy ... Yu shuld sent me a long paragraph [EMO, 17] but yur not gonna do it, Im mad at yu","Why[EMO, 17][EMO, 17], I texted u and my phone was bibrando, For long time, And was hot","Lol I'm sorry[EMO, 106]"
U15,:(,<3,"Im fine[EMO, 15][EMO, 120]"
U15,Ooh,"Yes [EMO, 6]","Lol[EMO, 39][EMO, 15]"
U15,Wyd?,"Moms house [EMO, 15], Wbu","I'm good[EMO, 15][EMO, 71][EMO, 120][EMO, 150]"
U15,Ven a cuidarme,"Cuando [EMO, 8][EMO, 8]","No pude[EMO, 2][EMO, 104]"
U15,"[NAME, 5] tu no duraste tantoo, Al meno eso creo, ame ere tu, [EMO, 3][EMO, 3][EMO, 3][EMO, 3], Ya cenate, ???",Si Ya cene,"Nah, no way, baby[EMO, 120][EMO, 39][EMO, 71][EMO, 2]"
U15,"OMG baby relax I only want you [EMO, 123]","Are u sure [EMO, 15][EMO, 120][EMO, 150], [EMO, 19][EMO, 19][EMO, 19][EMO, 19]?","Shhh baby, I got it[EMO, 2][EMO, 71][EMO, 120][EMO, 150]"
U15,"Babyyyy don't leave me on read,  [EMO, 8][EMO, 8][EMO, 8]","Okay mi vida [EMO, 8][EMO, 8]Wydbaby","Awwww, I'm here[EMO, 12][EMO, 123][EMO, 105]"
U15,"Gracias mi vida, [IMAGE]","ÂY ella [EMO, 2][EMO, 8][EMO, 8][EMO, 120][EMO, 120][EMO, 2][EMO, 2][EMO, 2][EMO, 2][EMO, 2]","My everything[EMO, 118][EMO, 117][EMO, 119][EMO, 121][EMO, 123][EMO, 120][EMO, 124]"
U15,Gracias igual,"[EMO, 120][EMO, 150][EMO, 15][EMO, 15]","No prob[EMO, 2][EMO, 81][EMO, 119][EMO, 144]"
U15,"I adore you [EMO, 120], gimme kiss","[EMO, 15][EMO, 71][EMO, 88][EMO, 77]Â[EMO, 120]","Mwah[EMO, 130][EMO, 100][EMO, 101]"
U15,Y como te fue hoy?,Bn Amor y a tu,"Ok[EMO, 15]"
U15,"ok [NAME, 5]",Wyd :/,"Wyd[EMO, 50][EMO, 121]"
U15,"[EMO, 121][EMO, 77]Â","sent me one of u now cuz yesterday u didn't sent nothing [EMO, 29]","Whts up[EMO, 20][EMO, 77][EMO, 120]"
U15,"those comments ? Wow,  [EMO, 109]","Cuales Baby ?[EMO, 17][EMO, 17]","Lol[EMO, 3][EMO, 106][EMO, 15]"
U15,"Morning [EMO, 4]Â","[EMO, 2][EMO, 71]Olaxxxh[EMO, 71][EMO, 2]","Mornin[EMO, 2][EMO, 123][EMO, 71][EMO, 120][EMO, 150][EMO, 39][EMO, 71]"
U15,Nothing hbu?,"Here Aki en [NAME, 7] comprando Pero no jallo k compra [EMO, 29]","Im good[EMO, 2][EMO, 72][EMO, 118]"
U15,"My niece turned 3 yesterday [EMO, 15]","Awww our niece [EMO, 2][EMO, 2][EMO, 2][EMO, 2][EMO, 2][EMO, 2]","Awwww[EMO, 105][EMO, 2][EMO, 71]"
U15,"He never message me back but ik he saw the message, fuck you [EMO, 19][EMO, 17], I need a new baby [EMO, 42]","Who's the next one [EMO, 19][EMO, 19][EMO, 19][EMO, 19][EMO, 19]","Lol I know right [EMO, 120][EMO, 77][EMO, 150][EMO, 39]"
U15,"Tiea en mi cama, Tira **, Y tuu",Sali de baÂ–arme,"Haha, que loca eres[EMO, 14][EMO, 121][EMO, 140][EMO, 130]"
U15,[IMAGE]I'm Ugly envÂ’ame uno tu yo,"[IMAGE][EMO, 8][EMO, 105][EMO, 71][EMO, 15]","[EMO, 104][EMO, 124][EMO, 81]"
U15,Ok,Es que Compran una lavadora de laundrymat y todo eso y lo estamos reparando,"Lol[EMO, 117]"
U15,"awe it's cute baby [EMO, 8] thank you I love you","Wyd baby [EMO, 2][EMO, 8]","My sweetie[EMO, 14][EMO, 130][EMO, 121]"
U15,"Lol ohhh, Andamos en lo mismo pero ha me atendie[NAME, 3], Andamos en lo mismo pero ha me atendie[NAME, 3]",Ah okay yo ni eh llegao todavia,"Haha, sí, yo también[EMO, 2][EMO, 2][EMO, 2][EMO, 2][EMO, 150][EMO, 39][EMO, 71]"
U15,"""Yo chels"", He never calls me [NAME, 5]",Only eso ?  He said,"He's a no show[EMO, 1][EMO, 14][EMO, 123][EMO, 121]"
U15,"I got chicken nuggets. [EMO, 2]","Share [EMO, 19][EMO, 19][EMO, 19][EMO, 19]","Yay[EMO, 121][EMO, 150]"
U15,Me too bae,"Que haCes [EMO, 30][EMO, 30]","Love u[EMO, 107][EMO, 109][EMO, 121][EMO, 123][EMO, 142]"
U15,It's blue?,"A lot people said white and gold
[EMO, 2][EMO, 2][EMO, 2][EMO, 3][EMO, 3][EMO, 3][EMO, 3], That's crazy","Nah[EMO, 2][EMO, 115][EMO, 130]"
U15,What do you know about me?,"No to much but I feel love in my heart for you [EMO, 15][EMO, 15][EMO, 123][EMO, 123][EMO, 15][EMO, 15]","Nada[EMO, 15]"
U15,Yo se que ay un parque pero cementerio no me he fijado,"Si el parkeÂTa  un bloke, Pero del lao contrario","Wtf[EMO, 34]"
U15,"Ooh [EMO, 127]",Yea,"I'm good [EMO, 105][EMO, 115]"
U15,"Si viene vas a kerer venir en la  maÂ–ana y mi madrata va star aki, Y a puesto a mil, K no vas a kerer venir cn ella aki, A puedto lo k kiera","[EMO, 19][EMO, 19], Ganate[EMO, 19][EMO, 19]","Mira[EMO, 2][EMO, 115][EMO, 100]"
U15,"Baee, SorryÂestaba acostada",Okay :/,"M'kay[EMO, 1][EMO, 15]"
U15,Hey,"Como esta mi wife ?[EMO, 15][EMO, 120]","Hey[EMO, 2][EMO, 71]"
U15,"Yu sayin i have ugly feet? [EMO, 19]","No [EMO, 8][EMO, 94]never pendeja , Hermosos feed [EMO, 15][EMO, 109], Your nails[EMO, 121][EMO, 15][EMO, 2][EMO, 94]on point","Lol nothin like that[EMO, 20][EMO, 114]"
U15,"Lol im sweattinnngg, Lol i took pics but i look uglyyyy, [IMAGE][IMAGE]","Linda [EMO, 120][EMO, 150][EMO, 150][EMO, 94][EMO, 120][EMO, 150]","Lololol[EMO, 15][EMO, 124][EMO, 120][EMO, 71][EMO, 120]"
U15,"Hubby. [EMO, 105][EMO, 2][EMO, 8]","[EMO, 39][EMO, 39][EMO, 56][EMO, 56][EMO, 62][EMO, 62]","Good morning baby[EMO, 120][EMO, 150][EMO, 39][EMO, 71]"
U15,"Y que haces, ??",Preparandome pa irme,"Nada[EMO, 1][EMO, 71][EMO, 120]"
U15,Pero tu no entras a las 4,"5:00[EMO, 19][EMO, 19]","Y eso porque me duermo tarde[EMO, 15][EMO, 105]"
